datapath;in-port;eth-dst;out-port;packets;bytes
000000000000001b;1;de:f5:ad:55:e8:54;3;8;825
000000000000001b;3;0e:9b:90:6e:a3:53;1;7;493
3;2;0e:9b:90:6e:a3:53;5;7;493
3;5;de:f5:ad:55:e8:54;2;8;825
000000000000000a;1;de:f5:ad:55:e8:54;2;8;825
000000000000000a;2;0e:9b:90:6e:a3:53;1;7;493
000000000000001a;1;de:f5:ad:55:e8:54;2;8;825
000000000000001a;2;0e:9b:90:6e:a3:53;1;7;493
6;1;de:f5:ad:55:e8:54;4;8;825
6;4;0e:9b:90:6e:a3:53;1;7;493
3;2;0e:9b:90:6e:a3:53;5;8;535
3;5;de:f5:ad:55:e8:54;2;9;867
000000000000000a;1;de:f5:ad:55:e8:54;2;9;867
000000000000000a;2;0e:9b:90:6e:a3:53;1;8;535
6;1;de:f5:ad:55:e8:54;4;9;867
6;4;0e:9b:90:6e:a3:53;1;8;535
000000000000001a;1;de:f5:ad:55:e8:54;2;9;867
000000000000001a;2;0e:9b:90:6e:a3:53;1;8;535
000000000000001b;1;de:f5:ad:55:e8:54;3;9;867
000000000000001b;3;0e:9b:90:6e:a3:53;1;8;535
3;2;0e:9b:90:6e:a3:53;5;17;1453
3;5;de:f5:ad:55:e8:54;2;241952;17904649
6;1;de:f5:ad:55:e8:54;4;241952;17904649
6;4;0e:9b:90:6e:a3:53;1;17;1453
000000000000000a;1;de:f5:ad:55:e8:54;2;241952;17904649
000000000000000a;2;0e:9b:90:6e:a3:53;1;17;1453
000000000000001a;1;de:f5:ad:55:e8:54;2;241952;17904649
000000000000001a;2;0e:9b:90:6e:a3:53;1;17;1453
000000000000001b;1;de:f5:ad:55:e8:54;3;241952;17904649
000000000000001b;3;0e:9b:90:6e:a3:53;1;17;1453
3;2;0e:9b:90:6e:a3:53;5;27;2473
3;5;de:f5:ad:55:e8:54;2;874855;64739471
000000000000001a;1;de:f5:ad:55:e8:54;2;874855;64739471
000000000000001a;2;0e:9b:90:6e:a3:53;1;27;2473
6;1;de:f5:ad:55:e8:54;4;874855;64739471
6;4;0e:9b:90:6e:a3:53;1;27;2473
000000000000000a;1;de:f5:ad:55:e8:54;2;874855;64739471
000000000000000a;2;0e:9b:90:6e:a3:53;1;27;2473
000000000000001b;1;de:f5:ad:55:e8:54;3;874855;64739471
000000000000001b;3;0e:9b:90:6e:a3:53;1;27;2473
000000000000001b;1;de:f5:ad:55:e8:54;3;1519706;112458413
000000000000001b;3;0e:9b:90:6e:a3:53;1;38;3535
6;1;de:f5:ad:55:e8:54;4;1519706;112458413
6;4;0e:9b:90:6e:a3:53;1;38;3535
3;2;0e:9b:90:6e:a3:53;5;38;3535
3;5;de:f5:ad:55:e8:54;2;1519706;112458413
000000000000000a;1;de:f5:ad:55:e8:54;2;1519706;112458413
000000000000000a;2;0e:9b:90:6e:a3:53;1;38;3535
000000000000001a;1;de:f5:ad:55:e8:54;2;1519706;112458413
000000000000001a;2;0e:9b:90:6e:a3:53;1;38;3535
3;2;0e:9b:90:6e:a3:53;5;49;4597
3;5;de:f5:ad:55:e8:54;2;2157215;159634047
000000000000001a;1;de:f5:ad:55:e8:54;2;2157215;159634047
000000000000001a;2;0e:9b:90:6e:a3:53;1;49;4597
000000000000000a;1;de:f5:ad:55:e8:54;2;2157215;159634047
000000000000000a;2;0e:9b:90:6e:a3:53;1;49;4597
000000000000001b;1;de:f5:ad:55:e8:54;3;2157215;159634047
000000000000001b;3;0e:9b:90:6e:a3:53;1;49;4597
6;1;de:f5:ad:55:e8:54;4;2157215;159634047
6;4;0e:9b:90:6e:a3:53;1;49;4597
000000000000001a;1;de:f5:ad:55:e8:54;2;2790116;206468721
000000000000001a;2;0e:9b:90:6e:a3:53;1;59;5617
000000000000001b;1;de:f5:ad:55:e8:54;3;2790116;206468721
000000000000001b;3;0e:9b:90:6e:a3:53;1;59;5617
3;2;0e:9b:90:6e:a3:53;5;59;5617
3;5;de:f5:ad:55:e8:54;2;2790116;206468721
6;1;de:f5:ad:55:e8:54;4;2790116;206468721
6;4;0e:9b:90:6e:a3:53;1;59;5617
000000000000000a;1;de:f5:ad:55:e8:54;2;2790116;206468721
000000000000000a;2;0e:9b:90:6e:a3:53;1;59;5617
000000000000001b;1;de:f5:ad:55:e8:54;3;3426471;253558991
000000000000001b;3;0e:9b:90:6e:a3:53;1;69;6637
000000000000001a;1;de:f5:ad:55:e8:54;2;3426471;253558991
000000000000001a;2;0e:9b:90:6e:a3:53;1;69;6637
3;2;0e:9b:90:6e:a3:53;5;69;6637
3;5;de:f5:ad:55:e8:54;2;3426471;253558991
6;1;de:f5:ad:55:e8:54;4;3426471;253558991
6;4;0e:9b:90:6e:a3:53;1;69;6637
000000000000000a;1;de:f5:ad:55:e8:54;2;3426471;253558991
000000000000000a;2;0e:9b:90:6e:a3:53;1;69;6637
000000000000001b;1;de:f5:ad:55:e8:54;3;4076008;301624697
000000000000001b;3;0e:9b:90:6e:a3:53;1;80;7699
3;2;0e:9b:90:6e:a3:53;5;80;7699
3;5;de:f5:ad:55:e8:54;2;4076008;301624697
000000000000000a;1;de:f5:ad:55:e8:54;2;4076008;301624697
000000000000000a;2;0e:9b:90:6e:a3:53;1;80;7699
000000000000001a;1;de:f5:ad:55:e8:54;2;4076008;301624697
000000000000001a;2;0e:9b:90:6e:a3:53;1;80;7699
6;1;de:f5:ad:55:e8:54;4;4076008;301624697
6;4;0e:9b:90:6e:a3:53;1;80;7699
6;1;de:f5:ad:55:e8:54;4;4717920;349126185
6;4;0e:9b:90:6e:a3:53;1;90;8719
000000000000000a;1;de:f5:ad:55:e8:54;2;4717920;349126185
000000000000000a;2;0e:9b:90:6e:a3:53;1;90;8719
000000000000001b;1;de:f5:ad:55:e8:54;3;4717920;349126185
000000000000001b;3;0e:9b:90:6e:a3:53;1;90;8719
000000000000001a;1;de:f5:ad:55:e8:54;2;4717920;349126185
000000000000001a;2;0e:9b:90:6e:a3:53;1;90;8719
3;2;0e:9b:90:6e:a3:53;5;90;8719
3;5;de:f5:ad:55:e8:54;2;4717920;349126185
000000000000000a;1;de:f5:ad:55:e8:54;2;5347520;395716553
000000000000000a;2;0e:9b:90:6e:a3:53;1;101;9781
3;2;0e:9b:90:6e:a3:53;5;101;9781
3;5;de:f5:ad:55:e8:54;2;5347520;395716553
6;1;de:f5:ad:55:e8:54;4;5347520;395716553
6;4;0e:9b:90:6e:a3:53;1;101;9781
000000000000001a;1;de:f5:ad:55:e8:54;2;5347520;395716553
000000000000001a;2;0e:9b:90:6e:a3:53;1;101;9781
000000000000001b;1;de:f5:ad:55:e8:54;3;5347520;395716553
000000000000001b;3;0e:9b:90:6e:a3:53;1;101;9781
000000000000001a;1;de:f5:ad:55:e8:54;2;5990604;443304737
000000000000001a;2;0e:9b:90:6e:a3:53;1;112;10843
6;1;de:f5:ad:55:e8:54;4;5990604;443304737
6;4;0e:9b:90:6e:a3:53;1;112;10843
3;2;0e:9b:90:6e:a3:53;5;112;10843
3;5;de:f5:ad:55:e8:54;2;5990604;443304737
000000000000001b;1;de:f5:ad:55:e8:54;3;5990604;443304737
000000000000001b;3;0e:9b:90:6e:a3:53;1;112;10843
000000000000000a;1;de:f5:ad:55:e8:54;2;5990604;443304737
000000000000000a;2;0e:9b:90:6e:a3:53;1;112;10843
000000000000001b;1;de:f5:ad:55:e8:54;3;6631441;490726675
000000000000001b;3;0e:9b:90:6e:a3:53;1;122;11863
000000000000000a;1;de:f5:ad:55:e8:54;2;6631441;490726675
000000000000000a;2;0e:9b:90:6e:a3:53;1;122;11863
000000000000001a;1;de:f5:ad:55:e8:54;2;6631441;490726675
000000000000001a;2;0e:9b:90:6e:a3:53;1;122;11863
3;2;0e:9b:90:6e:a3:53;5;122;11863
3;5;de:f5:ad:55:e8:54;2;6631441;490726675
6;1;de:f5:ad:55:e8:54;4;6631441;490726675
6;4;0e:9b:90:6e:a3:53;1;122;11863
000000000000001a;1;de:f5:ad:55:e8:54;2;7266608;537729001
000000000000001a;2;0e:9b:90:6e:a3:53;1;133;12925
000000000000000a;1;de:f5:ad:55:e8:54;2;7266608;537729001
000000000000000a;2;0e:9b:90:6e:a3:53;1;133;12925
3;2;0e:9b:90:6e:a3:53;5;133;12925
3;5;de:f5:ad:55:e8:54;2;7266608;537729001
000000000000001b;1;de:f5:ad:55:e8:54;3;7266608;537729001
000000000000001b;3;0e:9b:90:6e:a3:53;1;133;12925
6;1;de:f5:ad:55:e8:54;4;7266608;537729001
6;4;0e:9b:90:6e:a3:53;1;133;12925
3;2;0e:9b:90:6e:a3:53;5;144;13987
3;5;de:f5:ad:55:e8:54;2;7896824;584364953
000000000000001a;1;de:f5:ad:55:e8:54;2;7896824;584364953
000000000000001a;2;0e:9b:90:6e:a3:53;1;144;13987
000000000000000a;1;de:f5:ad:55:e8:54;2;7896824;584364953
000000000000000a;2;0e:9b:90:6e:a3:53;1;144;13987
000000000000001b;1;de:f5:ad:55:e8:54;3;7896824;584364953
000000000000001b;3;0e:9b:90:6e:a3:53;1;144;13987
6;1;de:f5:ad:55:e8:54;4;7896824;584364953
6;4;0e:9b:90:6e:a3:53;1;144;13987
000000000000000a;1;de:f5:ad:55:e8:54;2;8547389;632506763
000000000000000a;2;0e:9b:90:6e:a3:53;1;154;15007
6;1;de:f5:ad:55:e8:54;4;8547389;632506763
6;4;0e:9b:90:6e:a3:53;1;154;15007
000000000000001b;1;de:f5:ad:55:e8:54;3;8547389;632506763
000000000000001b;3;0e:9b:90:6e:a3:53;1;154;15007
3;2;0e:9b:90:6e:a3:53;5;154;15007
3;5;de:f5:ad:55:e8:54;2;8547389;632506763
000000000000001a;1;de:f5:ad:55:e8:54;2;8547389;632506763
000000000000001a;2;0e:9b:90:6e:a3:53;1;154;15007
6;1;de:f5:ad:55:e8:54;4;9196782;680561813
6;4;0e:9b:90:6e:a3:53;1;165;16069
000000000000000a;1;de:f5:ad:55:e8:54;2;9196782;680561813
000000000000000a;2;0e:9b:90:6e:a3:53;1;165;16069
3;2;0e:9b:90:6e:a3:53;5;165;16069
3;5;de:f5:ad:55:e8:54;2;9196782;680561813
000000000000001a;1;de:f5:ad:55:e8:54;2;9196782;680561813
000000000000001a;2;0e:9b:90:6e:a3:53;1;165;16069
000000000000001b;1;de:f5:ad:55:e8:54;3;9196782;680561813
000000000000001b;3;0e:9b:90:6e:a3:53;1;165;16069
6;1;de:f5:ad:55:e8:54;4;9838150;728023013
6;4;0e:9b:90:6e:a3:53;1;176;17131
000000000000001b;1;de:f5:ad:55:e8:54;3;9838150;728023013
000000000000001b;3;0e:9b:90:6e:a3:53;1;176;17131
000000000000000a;1;de:f5:ad:55:e8:54;2;9838150;728023013
000000000000000a;2;0e:9b:90:6e:a3:53;1;176;17131
000000000000001a;1;de:f5:ad:55:e8:54;2;9838150;728023013
000000000000001a;2;0e:9b:90:6e:a3:53;1;176;17131
3;2;0e:9b:90:6e:a3:53;5;176;17131
3;5;de:f5:ad:55:e8:54;2;9838150;728023013
000000000000001b;1;de:f5:ad:55:e8:54;3;10453270;773541861
000000000000001b;3;0e:9b:90:6e:a3:53;1;187;18193
3;2;0e:9b:90:6e:a3:53;5;187;18193
3;5;de:f5:ad:55:e8:54;2;10453270;773541861
000000000000001a;1;de:f5:ad:55:e8:54;2;10453270;773541861
000000000000001a;2;0e:9b:90:6e:a3:53;1;187;18193
000000000000000a;1;de:f5:ad:55:e8:54;2;10453270;773541861
000000000000000a;2;0e:9b:90:6e:a3:53;1;187;18193
6;1;de:f5:ad:55:e8:54;4;10453270;773541861
6;4;0e:9b:90:6e:a3:53;1;187;18193
000000000000001a;1;de:f5:ad:55:e8:54;2;11101639;821521167
000000000000001a;2;0e:9b:90:6e:a3:53;1;197;19213
6;1;de:f5:ad:55:e8:54;4;11069845;819168411
6;4;0e:9b:90:6e:a3:53;1;197;19213
3;2;0e:9b:90:6e:a3:53;5;197;19213
3;5;de:f5:ad:55:e8:54;2;11069845;819168411
000000000000000a;1;de:f5:ad:55:e8:54;2;11101639;821521167
000000000000000a;2;0e:9b:90:6e:a3:53;1;197;19213
000000000000001b;1;de:f5:ad:55:e8:54;3;11101639;821521167
000000000000001b;3;0e:9b:90:6e:a3:53;1;197;19213
6;1;de:f5:ad:55:e8:54;4;11715279;866930495
6;4;0e:9b:90:6e:a3:53;1;208;20275
000000000000001b;1;de:f5:ad:55:e8:54;3;11746080;869209769
000000000000001b;3;0e:9b:90:6e:a3:53;1;208;20275
000000000000001a;1;de:f5:ad:55:e8:54;2;11746080;869209769
000000000000001a;2;0e:9b:90:6e:a3:53;1;208;20275
3;2;0e:9b:90:6e:a3:53;5;208;20275
3;5;de:f5:ad:55:e8:54;2;11715279;866930495
000000000000000a;1;de:f5:ad:55:e8:54;2;11715279;866930495
000000000000000a;2;0e:9b:90:6e:a3:53;1;208;20275
000000000000000a;1;de:f5:ad:55:e8:54;2;12368446;915264821
000000000000000a;2;0e:9b:90:6e:a3:53;1;219;21337
000000000000001a;1;de:f5:ad:55:e8:54;2;12398516;917490001
000000000000001a;2;0e:9b:90:6e:a3:53;1;219;21337
3;2;0e:9b:90:6e:a3:53;5;219;21337
3;5;de:f5:ad:55:e8:54;2;12368446;915264821
6;1;de:f5:ad:55:e8:54;4;12368446;915264821
6;4;0e:9b:90:6e:a3:53;1;219;21337
000000000000001b;1;de:f5:ad:55:e8:54;3;12398516;917490001
000000000000001b;3;0e:9b:90:6e:a3:53;1;219;21337
000000000000001a;1;de:f5:ad:55:e8:54;2;13030125;964229067
000000000000001a;2;0e:9b:90:6e:a3:53;1;229;22357
3;2;0e:9b:90:6e:a3:53;5;229;22357
3;5;de:f5:ad:55:e8:54;2;13002120;962156697
6;1;de:f5:ad:55:e8:54;4;13002120;962156697
6;4;0e:9b:90:6e:a3:53;1;229;22357
000000000000001b;1;de:f5:ad:55:e8:54;3;13030125;964229067
000000000000001b;3;0e:9b:90:6e:a3:53;1;229;22357
000000000000000a;1;de:f5:ad:55:e8:54;2;13002120;962156697
000000000000000a;2;0e:9b:90:6e:a3:53;1;229;22357
000000000000001a;1;de:f5:ad:55:e8:54;2;13639008;1009286345
000000000000001a;2;0e:9b:90:6e:a3:53;1;241;23461
000000000000001b;1;de:f5:ad:55:e8:54;3;13639008;1009286345
000000000000001b;3;0e:9b:90:6e:a3:53;1;241;23461
3;2;0e:9b:90:6e:a3:53;5;241;23461
3;5;de:f5:ad:55:e8:54;2;13639008;1009286345
6;1;de:f5:ad:55:e8:54;4;13639008;1009286345
6;4;0e:9b:90:6e:a3:53;1;241;23461
000000000000000a;1;de:f5:ad:55:e8:54;2;13639008;1009286345
000000000000000a;2;0e:9b:90:6e:a3:53;1;241;23461
6;1;de:f5:ad:55:e8:54;4;14281721;1056847107
6;4;0e:9b:90:6e:a3:53;1;251;24481
000000000000000a;1;de:f5:ad:55:e8:54;2;14281721;1056847107
000000000000000a;2;0e:9b:90:6e:a3:53;1;251;24481
000000000000001a;1;de:f5:ad:55:e8:54;2;14281721;1056847107
000000000000001a;2;0e:9b:90:6e:a3:53;1;251;24481
000000000000001b;1;de:f5:ad:55:e8:54;3;14281721;1056847107
000000000000001b;3;0e:9b:90:6e:a3:53;1;251;24481
3;2;0e:9b:90:6e:a3:53;5;251;24481
3;5;de:f5:ad:55:e8:54;2;14281721;1056847107
000000000000001b;1;de:f5:ad:55:e8:54;3;14922826;1104288845
000000000000001b;3;0e:9b:90:6e:a3:53;1;262;25543
000000000000000a;1;de:f5:ad:55:e8:54;2;14922826;1104288845
000000000000000a;2;0e:9b:90:6e:a3:53;1;262;25543
000000000000001a;1;de:f5:ad:55:e8:54;2;14922826;1104288845
000000000000001a;2;0e:9b:90:6e:a3:53;1;262;25543
3;2;0e:9b:90:6e:a3:53;5;262;25543
3;5;de:f5:ad:55:e8:54;2;14922826;1104288845
6;1;de:f5:ad:55:e8:54;4;14922826;1104288845
6;4;0e:9b:90:6e:a3:53;1;262;25543
000000000000001a;1;de:f5:ad:55:e8:54;2;15556270;1151163701
000000000000001a;2;0e:9b:90:6e:a3:53;1;272;26563
000000000000001b;1;de:f5:ad:55:e8:54;3;15556270;1151163701
000000000000001b;3;0e:9b:90:6e:a3:53;1;272;26563
3;2;0e:9b:90:6e:a3:53;5;272;26563
3;5;de:f5:ad:55:e8:54;2;15556270;1151163701
000000000000000a;1;de:f5:ad:55:e8:54;2;15556270;1151163701
000000000000000a;2;0e:9b:90:6e:a3:53;1;272;26563
6;1;de:f5:ad:55:e8:54;4;15556270;1151163701
6;4;0e:9b:90:6e:a3:53;1;272;26563
000000000000001a;1;de:f5:ad:55:e8:54;2;16189099;1197993015
000000000000001a;2;0e:9b:90:6e:a3:53;1;283;27625
3;2;0e:9b:90:6e:a3:53;5;283;27625
3;5;de:f5:ad:55:e8:54;2;16189099;1197993015
000000000000000a;1;de:f5:ad:55:e8:54;2;16189099;1197993015
000000000000000a;2;0e:9b:90:6e:a3:53;1;283;27625
000000000000001b;1;de:f5:ad:55:e8:54;3;16189099;1197993015
000000000000001b;3;0e:9b:90:6e:a3:53;1;283;27625
6;1;de:f5:ad:55:e8:54;4;16189099;1197993015
6;4;0e:9b:90:6e:a3:53;1;283;27625
000000000000001b;1;de:f5:ad:55:e8:54;3;16833386;1245670221
000000000000001b;3;0e:9b:90:6e:a3:53;1;294;28687
000000000000001a;1;de:f5:ad:55:e8:54;2;16833386;1245670221
000000000000001a;2;0e:9b:90:6e:a3:53;1;294;28687
3;2;0e:9b:90:6e:a3:53;5;294;28687
3;5;de:f5:ad:55:e8:54;2;16833386;1245670221
000000000000000a;1;de:f5:ad:55:e8:54;2;16833386;1245670221
000000000000000a;2;0e:9b:90:6e:a3:53;1;294;28687
6;1;de:f5:ad:55:e8:54;4;16833386;1245670221
6;4;0e:9b:90:6e:a3:53;1;294;28687
000000000000001a;1;de:f5:ad:55:e8:54;2;17458137;1291901795
000000000000001a;2;0e:9b:90:6e:a3:53;1;304;29707
6;1;de:f5:ad:55:e8:54;4;17458137;1291901795
6;4;0e:9b:90:6e:a3:53;1;304;29707
000000000000001b;1;de:f5:ad:55:e8:54;3;17458137;1291901795
000000000000001b;3;0e:9b:90:6e:a3:53;1;304;29707
3;2;0e:9b:90:6e:a3:53;5;304;29707
3;5;de:f5:ad:55:e8:54;2;17458137;1291901795
000000000000000a;1;de:f5:ad:55:e8:54;2;17458137;1291901795
000000000000000a;2;0e:9b:90:6e:a3:53;1;304;29707
3;2;0e:9b:90:6e:a3:53;5;316;30811
3;5;de:f5:ad:55:e8:54;2;18100395;1339428823
000000000000001a;1;de:f5:ad:55:e8:54;2;18100395;1339428823
000000000000001a;2;0e:9b:90:6e:a3:53;1;316;30811
000000000000000a;1;de:f5:ad:55:e8:54;2;18100395;1339428823
000000000000000a;2;0e:9b:90:6e:a3:53;1;316;30811
6;1;de:f5:ad:55:e8:54;4;18100395;1339428823
6;4;0e:9b:90:6e:a3:53;1;316;30811
000000000000001b;1;de:f5:ad:55:e8:54;3;18100395;1339428823
000000000000001b;3;0e:9b:90:6e:a3:53;1;316;30811
3;2;0e:9b:90:6e:a3:53;5;326;31831
3;5;de:f5:ad:55:e8:54;2;18734695;1386367023
000000000000001a;1;de:f5:ad:55:e8:54;2;18734695;1386367023
000000000000001a;2;0e:9b:90:6e:a3:53;1;326;31831
000000000000000a;1;de:f5:ad:55:e8:54;2;18734695;1386367023
000000000000000a;2;0e:9b:90:6e:a3:53;1;326;31831
6;1;de:f5:ad:55:e8:54;4;18734695;1386367023
6;4;0e:9b:90:6e:a3:53;1;326;31831
000000000000001b;1;de:f5:ad:55:e8:54;3;18734695;1386367023
000000000000001b;3;0e:9b:90:6e:a3:53;1;326;31831
000000000000001b;1;de:f5:ad:55:e8:54;3;19378675;1434021511
000000000000001b;3;0e:9b:90:6e:a3:53;1;337;32893
000000000000001a;1;de:f5:ad:55:e8:54;2;19378675;1434021511
000000000000001a;2;0e:9b:90:6e:a3:53;1;337;32893
3;2;0e:9b:90:6e:a3:53;5;337;32893
3;5;de:f5:ad:55:e8:54;2;19378675;1434021511
6;1;de:f5:ad:55:e8:54;4;19378675;1434021511
6;4;0e:9b:90:6e:a3:53;1;337;32893
000000000000000a;1;de:f5:ad:55:e8:54;2;19378675;1434021511
000000000000000a;2;0e:9b:90:6e:a3:53;1;337;32893
6;1;de:f5:ad:55:e8:54;4;20009704;1480717657
6;4;0e:9b:90:6e:a3:53;1;347;33913
000000000000001a;1;de:f5:ad:55:e8:54;2;20009704;1480717657
000000000000001a;2;0e:9b:90:6e:a3:53;1;347;33913
3;2;0e:9b:90:6e:a3:53;5;347;33913
3;5;de:f5:ad:55:e8:54;2;20009704;1480717657
000000000000000a;1;de:f5:ad:55:e8:54;2;20009704;1480717657
000000000000000a;2;0e:9b:90:6e:a3:53;1;347;33913
000000000000001b;1;de:f5:ad:55:e8:54;3;20009704;1480717657
000000000000001b;3;0e:9b:90:6e:a3:53;1;347;33913
000000000000001a;1;de:f5:ad:55:e8:54;2;20660736;1528893961
000000000000001a;2;0e:9b:90:6e:a3:53;1;359;35017
000000000000001b;1;de:f5:ad:55:e8:54;3;20660736;1528893961
000000000000001b;3;0e:9b:90:6e:a3:53;1;359;35017
000000000000000a;1;de:f5:ad:55:e8:54;2;20660736;1528893961
000000000000000a;2;0e:9b:90:6e:a3:53;1;359;35017
3;2;0e:9b:90:6e:a3:53;5;359;35017
3;5;de:f5:ad:55:e8:54;2;20660736;1528893961
6;1;de:f5:ad:55:e8:54;4;20660736;1528893961
6;4;0e:9b:90:6e:a3:53;1;359;35017
000000000000001b;1;de:f5:ad:55:e8:54;3;21298132;1576061265
000000000000001b;3;0e:9b:90:6e:a3:53;1;369;36037
3;2;0e:9b:90:6e:a3:53;5;369;36037
3;5;de:f5:ad:55:e8:54;2;21298132;1576061265
6;1;de:f5:ad:55:e8:54;4;21298132;1576061265
6;4;0e:9b:90:6e:a3:53;1;369;36037
000000000000000a;1;de:f5:ad:55:e8:54;2;21298132;1576061265
000000000000000a;2;0e:9b:90:6e:a3:53;1;369;36037
000000000000001a;1;de:f5:ad:55:e8:54;2;21298132;1576061265
000000000000001a;2;0e:9b:90:6e:a3:53;1;369;36037
000000000000000a;1;de:f5:ad:55:e8:54;2;21930050;1622823197
000000000000000a;2;0e:9b:90:6e:a3:53;1;379;37057
3;2;0e:9b:90:6e:a3:53;5;379;37057
3;5;de:f5:ad:55:e8:54;2;21930050;1622823197
6;1;de:f5:ad:55:e8:54;4;21930050;1622823197
6;4;0e:9b:90:6e:a3:53;1;379;37057
000000000000001b;1;de:f5:ad:55:e8:54;3;21930050;1622823197
000000000000001b;3;0e:9b:90:6e:a3:53;1;379;37057
000000000000001a;1;de:f5:ad:55:e8:54;2;21930050;1622823197
000000000000001a;2;0e:9b:90:6e:a3:53;1;379;37057
000000000000001a;1;de:f5:ad:55:e8:54;2;22557066;1669222317
000000000000001a;2;0e:9b:90:6e:a3:53;1;391;38161
000000000000000a;1;de:f5:ad:55:e8:54;2;22557066;1669222317
000000000000000a;2;0e:9b:90:6e:a3:53;1;391;38161
000000000000001b;1;de:f5:ad:55:e8:54;3;22557066;1669222317
000000000000001b;3;0e:9b:90:6e:a3:53;1;391;38161
6;1;de:f5:ad:55:e8:54;4;22557066;1669222317
6;4;0e:9b:90:6e:a3:53;1;391;38161
3;2;0e:9b:90:6e:a3:53;5;391;38161
3;5;de:f5:ad:55:e8:54;2;22557066;1669222317
3;2;0e:9b:90:6e:a3:53;5;401;39181
3;5;de:f5:ad:55:e8:54;2;23202737;1717001971
000000000000001a;1;de:f5:ad:55:e8:54;2;23202737;1717001971
000000000000001a;2;0e:9b:90:6e:a3:53;1;401;39181
6;1;de:f5:ad:55:e8:54;4;23202737;1717001971
6;4;0e:9b:90:6e:a3:53;1;401;39181
000000000000001b;1;de:f5:ad:55:e8:54;3;23202737;1717001971
000000000000001b;3;0e:9b:90:6e:a3:53;1;401;39181
000000000000000a;1;de:f5:ad:55:e8:54;2;23202737;1717001971
000000000000000a;2;0e:9b:90:6e:a3:53;1;401;39181
000000000000001b;1;de:f5:ad:55:e8:54;3;23855416;1765300185
000000000000001b;3;0e:9b:90:6e:a3:53;1;412;40243
6;1;de:f5:ad:55:e8:54;4;23855416;1765300185
6;4;0e:9b:90:6e:a3:53;1;412;40243
000000000000001a;1;de:f5:ad:55:e8:54;2;23855416;1765300185
000000000000001a;2;0e:9b:90:6e:a3:53;1;412;40243
000000000000000a;1;de:f5:ad:55:e8:54;2;23855416;1765300185
000000000000000a;2;0e:9b:90:6e:a3:53;1;412;40243
3;2;0e:9b:90:6e:a3:53;5;412;40243
3;5;de:f5:ad:55:e8:54;2;23855416;1765300185
3;2;0e:9b:90:6e:a3:53;5;422;41263
3;5;de:f5:ad:55:e8:54;2;24505389;1813398187
000000000000001a;1;de:f5:ad:55:e8:54;2;24505389;1813398187
000000000000001a;2;0e:9b:90:6e:a3:53;1;422;41263
000000000000000a;1;de:f5:ad:55:e8:54;2;24505389;1813398187
000000000000000a;2;0e:9b:90:6e:a3:53;1;422;41263
6;1;de:f5:ad:55:e8:54;4;24505389;1813398187
6;4;0e:9b:90:6e:a3:53;1;422;41263
000000000000001b;1;de:f5:ad:55:e8:54;3;24505389;1813398187
000000000000001b;3;0e:9b:90:6e:a3:53;1;422;41263
000000000000000a;1;de:f5:ad:55:e8:54;2;25122549;1859067995
000000000000000a;2;0e:9b:90:6e:a3:53;1;433;42325
6;1;de:f5:ad:55:e8:54;4;25122549;1859067995
6;4;0e:9b:90:6e:a3:53;1;433;42325
000000000000001b;1;de:f5:ad:55:e8:54;3;25122549;1859067995
000000000000001b;3;0e:9b:90:6e:a3:53;1;433;42325
3;2;0e:9b:90:6e:a3:53;5;433;42325
3;5;de:f5:ad:55:e8:54;2;25122549;1859067995
000000000000001a;1;de:f5:ad:55:e8:54;2;25122549;1859067995
000000000000001a;2;0e:9b:90:6e:a3:53;1;433;42325
000000000000001b;1;de:f5:ad:55:e8:54;3;25765434;1906641453
000000000000001b;3;0e:9b:90:6e:a3:53;1;444;43387
3;2;0e:9b:90:6e:a3:53;5;444;43387
3;5;de:f5:ad:55:e8:54;2;25765434;1906641453
6;1;de:f5:ad:55:e8:54;4;25765434;1906641453
6;4;0e:9b:90:6e:a3:53;1;444;43387
000000000000000a;1;de:f5:ad:55:e8:54;2;25765434;1906641453
000000000000000a;2;0e:9b:90:6e:a3:53;1;444;43387
000000000000001a;1;de:f5:ad:55:e8:54;2;25765434;1906641453
000000000000001a;2;0e:9b:90:6e:a3:53;1;444;43387
6;1;de:f5:ad:55:e8:54;4;26415201;1954724179
6;4;0e:9b:90:6e:a3:53;1;455;44449
000000000000000a;1;de:f5:ad:55:e8:54;2;26415201;1954724179
000000000000000a;2;0e:9b:90:6e:a3:53;1;455;44449
000000000000001a;1;de:f5:ad:55:e8:54;2;26415201;1954724179
000000000000001a;2;0e:9b:90:6e:a3:53;1;455;44449
3;2;0e:9b:90:6e:a3:53;5;455;44449
3;5;de:f5:ad:55:e8:54;2;26415201;1954724179
000000000000001b;1;de:f5:ad:55:e8:54;3;26415201;1954724179
000000000000001b;3;0e:9b:90:6e:a3:53;1;455;44449
000000000000000a;1;de:f5:ad:55:e8:54;2;27065327;2002833503
000000000000000a;2;0e:9b:90:6e:a3:53;1;465;45469
000000000000001a;1;de:f5:ad:55:e8:54;2;27065327;2002833503
000000000000001a;2;0e:9b:90:6e:a3:53;1;465;45469
3;2;0e:9b:90:6e:a3:53;5;465;45469
3;5;de:f5:ad:55:e8:54;2;27065327;2002833503
000000000000001b;1;de:f5:ad:55:e8:54;3;27065327;2002833503
000000000000001b;3;0e:9b:90:6e:a3:53;1;465;45469
6;1;de:f5:ad:55:e8:54;4;27065327;2002833503
6;4;0e:9b:90:6e:a3:53;1;465;45469
3;2;0e:9b:90:6e:a3:53;5;477;46573
3;5;de:f5:ad:55:e8:54;2;27688085;2048917531
6;1;de:f5:ad:55:e8:54;4;27688085;2048917531
6;4;0e:9b:90:6e:a3:53;1;477;46573
000000000000000a;1;de:f5:ad:55:e8:54;2;27688085;2048917531
000000000000000a;2;0e:9b:90:6e:a3:53;1;477;46573
000000000000001a;1;de:f5:ad:55:e8:54;2;27688085;2048917531
000000000000001a;2;0e:9b:90:6e:a3:53;1;477;46573
000000000000001b;1;de:f5:ad:55:e8:54;3;27688085;2048917531
000000000000001b;3;0e:9b:90:6e:a3:53;1;477;46573
3;2;0e:9b:90:6e:a3:53;5;487;47593
3;5;de:f5:ad:55:e8:54;2;28340430;2097191061
000000000000001a;1;de:f5:ad:55:e8:54;2;28340430;2097191061
000000000000001a;2;0e:9b:90:6e:a3:53;1;487;47593
000000000000001b;1;de:f5:ad:55:e8:54;3;28340430;2097191061
000000000000001b;3;0e:9b:90:6e:a3:53;1;487;47593
6;1;de:f5:ad:55:e8:54;4;28340430;2097191061
6;4;0e:9b:90:6e:a3:53;1;487;47593
000000000000000a;1;de:f5:ad:55:e8:54;2;28340430;2097191061
000000000000000a;2;0e:9b:90:6e:a3:53;1;487;47593
000000000000000a;1;de:f5:ad:55:e8:54;2;28978150;2144382309
000000000000000a;2;0e:9b:90:6e:a3:53;1;498;48655
000000000000001a;1;de:f5:ad:55:e8:54;2;28978150;2144382309
000000000000001a;2;0e:9b:90:6e:a3:53;1;498;48655
6;1;de:f5:ad:55:e8:54;4;28978150;2144382309
6;4;0e:9b:90:6e:a3:53;1;498;48655
3;2;0e:9b:90:6e:a3:53;5;498;48655
3;5;de:f5:ad:55:e8:54;2;28978150;2144382309
000000000000001b;1;de:f5:ad:55:e8:54;3;28978150;2144382309
000000000000001b;3;0e:9b:90:6e:a3:53;1;498;48655
6;1;de:f5:ad:55:e8:54;4;29603013;2190622139
6;4;0e:9b:90:6e:a3:53;1;509;49717
000000000000001b;1;de:f5:ad:55:e8:54;3;29603013;2190622139
000000000000001b;3;0e:9b:90:6e:a3:53;1;509;49717
000000000000000a;1;de:f5:ad:55:e8:54;2;29603013;2190622139
000000000000000a;2;0e:9b:90:6e:a3:53;1;509;49717
3;2;0e:9b:90:6e:a3:53;5;509;49717
3;5;de:f5:ad:55:e8:54;2;29603013;2190622139
000000000000001a;1;de:f5:ad:55:e8:54;2;29603013;2190622139
000000000000001a;2;0e:9b:90:6e:a3:53;1;509;49717
000000000000000a;1;de:f5:ad:55:e8:54;2;30252617;2238692803
000000000000000a;2;0e:9b:90:6e:a3:53;1;520;50779
6;1;de:f5:ad:55:e8:54;4;30252617;2238692803
6;4;0e:9b:90:6e:a3:53;1;520;50779
3;2;0e:9b:90:6e:a3:53;5;520;50779
3;5;de:f5:ad:55:e8:54;2;30252617;2238692803
000000000000001a;1;de:f5:ad:55:e8:54;2;30252617;2238692803
000000000000001a;2;0e:9b:90:6e:a3:53;1;520;50779
000000000000001b;1;de:f5:ad:55:e8:54;3;30252617;2238692803
000000000000001b;3;0e:9b:90:6e:a3:53;1;520;50779
3;2;0e:9b:90:6e:a3:53;5;530;51799
3;5;de:f5:ad:55:e8:54;2;30897540;2286417105
000000000000000a;1;de:f5:ad:55:e8:54;2;30897540;2286417105
000000000000000a;2;0e:9b:90:6e:a3:53;1;530;51799
000000000000001b;1;de:f5:ad:55:e8:54;3;30897540;2286417105
000000000000001b;3;0e:9b:90:6e:a3:53;1;530;51799
6;1;de:f5:ad:55:e8:54;4;30897540;2286417105
6;4;0e:9b:90:6e:a3:53;1;530;51799
000000000000001a;1;de:f5:ad:55:e8:54;2;30897540;2286417105
000000000000001a;2;0e:9b:90:6e:a3:53;1;530;51799
000000000000001b;1;de:f5:ad:55:e8:54;3;31547762;2334533469
000000000000001b;3;0e:9b:90:6e:a3:53;1;542;52903
3;2;0e:9b:90:6e:a3:53;5;542;52903
3;5;de:f5:ad:55:e8:54;2;31547762;2334533469
000000000000001a;1;de:f5:ad:55:e8:54;2;31547762;2334533469
000000000000001a;2;0e:9b:90:6e:a3:53;1;542;52903
000000000000000a;1;de:f5:ad:55:e8:54;2;31547762;2334533469
000000000000000a;2;0e:9b:90:6e:a3:53;1;542;52903
6;1;de:f5:ad:55:e8:54;4;31547762;2334533469
6;4;0e:9b:90:6e:a3:53;1;542;52903
3;2;0e:9b:90:6e:a3:53;5;552;53923
3;5;de:f5:ad:55:e8:54;2;32180143;2381329663
000000000000000a;1;de:f5:ad:55:e8:54;2;32180143;2381329663
000000000000000a;2;0e:9b:90:6e:a3:53;1;552;53923
000000000000001a;1;de:f5:ad:55:e8:54;2;32180143;2381329663
000000000000001a;2;0e:9b:90:6e:a3:53;1;552;53923
000000000000001b;1;de:f5:ad:55:e8:54;3;32180143;2381329663
000000000000001b;3;0e:9b:90:6e:a3:53;1;552;53923
6;1;de:f5:ad:55:e8:54;4;32180143;2381329663
6;4;0e:9b:90:6e:a3:53;1;552;53923
000000000000001a;1;de:f5:ad:55:e8:54;2;32824981;2429047643
000000000000001a;2;0e:9b:90:6e:a3:53;1;563;54985
6;1;de:f5:ad:55:e8:54;4;32824981;2429047643
6;4;0e:9b:90:6e:a3:53;1;563;54985
000000000000001b;1;de:f5:ad:55:e8:54;3;32824981;2429047643
000000000000001b;3;0e:9b:90:6e:a3:53;1;563;54985
000000000000000a;1;de:f5:ad:55:e8:54;2;32824981;2429047643
000000000000000a;2;0e:9b:90:6e:a3:53;1;563;54985
3;2;0e:9b:90:6e:a3:53;5;563;54985
3;5;de:f5:ad:55:e8:54;2;32824981;2429047643
6;1;de:f5:ad:55:e8:54;4;33458452;2475924465
6;4;0e:9b:90:6e:a3:53;1;574;56047
000000000000001a;1;de:f5:ad:55:e8:54;2;33458452;2475924465
000000000000001a;2;0e:9b:90:6e:a3:53;1;574;56047
000000000000000a;1;de:f5:ad:55:e8:54;2;33458452;2475924465
000000000000000a;2;0e:9b:90:6e:a3:53;1;574;56047
000000000000001b;1;de:f5:ad:55:e8:54;3;33458452;2475924465
000000000000001b;3;0e:9b:90:6e:a3:53;1;574;56047
3;2;0e:9b:90:6e:a3:53;5;574;56047
3;5;de:f5:ad:55:e8:54;2;33458452;2475924465
3;2;0e:9b:90:6e:a3:53;5;585;57109
3;5;de:f5:ad:55:e8:54;2;34107220;2523933265
000000000000000a;1;de:f5:ad:55:e8:54;2;34107220;2523933265
000000000000000a;2;0e:9b:90:6e:a3:53;1;585;57109
000000000000001a;1;de:f5:ad:55:e8:54;2;34107220;2523933265
000000000000001a;2;0e:9b:90:6e:a3:53;1;585;57109
6;1;de:f5:ad:55:e8:54;4;34107220;2523933265
6;4;0e:9b:90:6e:a3:53;1;585;57109
000000000000001b;1;de:f5:ad:55:e8:54;3;34107220;2523933265
000000000000001b;3;0e:9b:90:6e:a3:53;1;585;57109
000000000000001b;1;de:f5:ad:55:e8:54;3;34735767;2570445743
000000000000001b;3;0e:9b:90:6e:a3:53;1;596;58231
6;1;de:f5:ad:55:e8:54;4;34735767;2570445743
6;4;0e:9b:90:6e:a3:53;1;596;58231
000000000000001a;1;de:f5:ad:55:e8:54;2;34735767;2570445743
000000000000001a;2;0e:9b:90:6e:a3:53;1;596;58231
000000000000000a;1;de:f5:ad:55:e8:54;2;34735767;2570445743
000000000000000a;2;0e:9b:90:6e:a3:53;1;596;58231
3;2;0e:9b:90:6e:a3:53;5;596;58231
3;5;de:f5:ad:55:e8:54;2;34735767;2570445743
6;1;de:f5:ad:55:e8:54;4;35372439;2617559407
6;4;0e:9b:90:6e:a3:53;1;608;59335
000000000000001a;1;de:f5:ad:55:e8:54;2;35372439;2617559407
000000000000001a;2;0e:9b:90:6e:a3:53;1;608;59335
3;2;0e:9b:90:6e:a3:53;5;608;59335
3;5;de:f5:ad:55:e8:54;2;35372439;2617559407
000000000000000a;1;de:f5:ad:55:e8:54;2;35372439;2617559407
000000000000000a;2;0e:9b:90:6e:a3:53;1;608;59335
000000000000001b;1;de:f5:ad:55:e8:54;3;35372439;2617559407
000000000000001b;3;0e:9b:90:6e:a3:53;1;608;59335
6;1;de:f5:ad:55:e8:54;4;36024747;2665830199
6;4;0e:9b:90:6e:a3:53;1;618;60355
3;2;0e:9b:90:6e:a3:53;5;618;60355
3;5;de:f5:ad:55:e8:54;2;36024747;2665830199
000000000000000a;1;de:f5:ad:55:e8:54;2;36024747;2665830199
000000000000000a;2;0e:9b:90:6e:a3:53;1;618;60355
000000000000001a;1;de:f5:ad:55:e8:54;2;36024747;2665830199
000000000000001a;2;0e:9b:90:6e:a3:53;1;618;60355
000000000000001b;1;de:f5:ad:55:e8:54;3;36024747;2665830199
000000000000001b;3;0e:9b:90:6e:a3:53;1;618;60355
000000000000001a;1;de:f5:ad:55:e8:54;2;36662631;2713033583
000000000000001a;2;0e:9b:90:6e:a3:53;1;629;61417
000000000000000a;1;de:f5:ad:55:e8:54;2;36662631;2713033583
000000000000000a;2;0e:9b:90:6e:a3:53;1;629;61417
000000000000001b;1;de:f5:ad:55:e8:54;3;36662631;2713033583
000000000000001b;3;0e:9b:90:6e:a3:53;1;629;61417
3;2;0e:9b:90:6e:a3:53;5;629;61417
3;5;de:f5:ad:55:e8:54;2;36662631;2713033583
6;1;de:f5:ad:55:e8:54;4;36662631;2713033583
6;4;0e:9b:90:6e:a3:53;1;629;61417
000000000000000a;1;de:f5:ad:55:e8:54;2;37287337;2759261795
000000000000000a;2;0e:9b:90:6e:a3:53;1;640;62479
000000000000001b;1;de:f5:ad:55:e8:54;3;37287337;2759261795
000000000000001b;3;0e:9b:90:6e:a3:53;1;640;62479
3;2;0e:9b:90:6e:a3:53;5;640;62479
3;5;de:f5:ad:55:e8:54;2;37287337;2759261795
6;1;de:f5:ad:55:e8:54;4;37287337;2759261795
6;4;0e:9b:90:6e:a3:53;1;640;62479
000000000000001a;1;de:f5:ad:55:e8:54;2;37287337;2759261795
000000000000001a;2;0e:9b:90:6e:a3:53;1;640;62479
6;1;de:f5:ad:55:e8:54;4;37935336;2807213689
6;4;0e:9b:90:6e:a3:53;1;651;63541
000000000000001b;1;de:f5:ad:55:e8:54;3;37935336;2807213689
000000000000001b;3;0e:9b:90:6e:a3:53;1;651;63541
000000000000000a;1;de:f5:ad:55:e8:54;2;37935336;2807213689
000000000000000a;2;0e:9b:90:6e:a3:53;1;651;63541
3;2;0e:9b:90:6e:a3:53;5;651;63541
3;5;de:f5:ad:55:e8:54;2;37935336;2807213689
000000000000001a;1;de:f5:ad:55:e8:54;2;37935336;2807213689
000000000000001a;2;0e:9b:90:6e:a3:53;1;651;63541
000000000000001b;1;de:f5:ad:55:e8:54;3;38590017;2855660083
000000000000001b;3;0e:9b:90:6e:a3:53;1;661;64561
000000000000000a;1;de:f5:ad:55:e8:54;2;38590017;2855660083
000000000000000a;2;0e:9b:90:6e:a3:53;1;661;64561
000000000000001a;1;de:f5:ad:55:e8:54;2;38590017;2855660083
000000000000001a;2;0e:9b:90:6e:a3:53;1;661;64561
3;2;0e:9b:90:6e:a3:53;5;661;64561
3;5;de:f5:ad:55:e8:54;2;38590017;2855660083
6;1;de:f5:ad:55:e8:54;4;38590017;2855660083
6;4;0e:9b:90:6e:a3:53;1;661;64561
3;2;0e:9b:90:6e:a3:53;5;672;65623
3;5;de:f5:ad:55:e8:54;2;39234462;2903348981
000000000000001a;1;de:f5:ad:55:e8:54;2;39234462;2903348981
000000000000001a;2;0e:9b:90:6e:a3:53;1;672;65623
000000000000001b;1;de:f5:ad:55:e8:54;3;39234462;2903348981
000000000000001b;3;0e:9b:90:6e:a3:53;1;672;65623
000000000000000a;1;de:f5:ad:55:e8:54;2;39234462;2903348981
000000000000000a;2;0e:9b:90:6e:a3:53;1;672;65623
6;1;de:f5:ad:55:e8:54;4;39234462;2903348981
6;4;0e:9b:90:6e:a3:53;1;672;65623
000000000000001a;1;de:f5:ad:55:e8:54;2;39868904;2950297657
000000000000001a;2;0e:9b:90:6e:a3:53;1;683;66685
3;2;0e:9b:90:6e:a3:53;5;683;66685
3;5;de:f5:ad:55:e8:54;2;39868904;2950297657
000000000000001b;1;de:f5:ad:55:e8:54;3;39868904;2950297657
000000000000001b;3;0e:9b:90:6e:a3:53;1;683;66685
6;1;de:f5:ad:55:e8:54;4;39868904;2950297657
6;4;0e:9b:90:6e:a3:53;1;683;66685
000000000000000a;1;de:f5:ad:55:e8:54;2;39868904;2950297657
000000000000000a;2;0e:9b:90:6e:a3:53;1;683;66685
3;2;0e:9b:90:6e:a3:53;5;693;67645
3;5;de:f5:ad:55:e8:54;2;40473697;2995052307
000000000000000a;1;de:f5:ad:55:e8:54;2;40505824;2997429705
000000000000000a;2;0e:9b:90:6e:a3:53;1;694;67747
6;1;de:f5:ad:55:e8:54;4;40473697;2995052307
6;4;0e:9b:90:6e:a3:53;1;693;67645
000000000000001b;1;de:f5:ad:55:e8:54;3;40505824;2997429705
000000000000001b;3;0e:9b:90:6e:a3:53;1;694;67747
000000000000001a;1;de:f5:ad:55:e8:54;2;40505824;2997429705
000000000000001a;2;0e:9b:90:6e:a3:53;1;694;67747
000000000000000a;1;de:f5:ad:55:e8:54;2;41119204;3042819825
000000000000000a;2;0e:9b:90:6e:a3:53;1;703;68665
000000000000001a;1;de:f5:ad:55:e8:54;2;41150723;3045152231
000000000000001a;2;0e:9b:90:6e:a3:53;1;704;68767
3;2;0e:9b:90:6e:a3:53;5;703;68665
3;5;de:f5:ad:55:e8:54;2;41119204;3042819825
6;1;de:f5:ad:55:e8:54;4;41119204;3042819825
6;4;0e:9b:90:6e:a3:53;1;703;68665
000000000000001b;1;de:f5:ad:55:e8:54;3;41150723;3045152231
000000000000001b;3;0e:9b:90:6e:a3:53;1;704;68767
6;1;de:f5:ad:55:e8:54;4;41755026;3089870589
6;4;0e:9b:90:6e:a3:53;1;715;69769
000000000000001a;1;de:f5:ad:55:e8:54;2;41779305;3091667235
000000000000001a;2;0e:9b:90:6e:a3:53;1;716;69871
000000000000001b;1;de:f5:ad:55:e8:54;3;41779305;3091667235
000000000000001b;3;0e:9b:90:6e:a3:53;1;716;69871
000000000000000a;1;de:f5:ad:55:e8:54;2;41755026;3089870589
000000000000000a;2;0e:9b:90:6e:a3:53;1;715;69769
3;2;0e:9b:90:6e:a3:53;5;715;69769
3;5;de:f5:ad:55:e8:54;2;41755026;3089870589
6;1;de:f5:ad:55:e8:54;4;42336146;3132873469
6;4;0e:9b:90:6e:a3:53;1;725;70789
000000000000001b;1;de:f5:ad:55:e8:54;3;42336146;3132873469
000000000000001b;3;0e:9b:90:6e:a3:53;1;725;70789
3;2;0e:9b:90:6e:a3:53;5;725;70789
3;5;de:f5:ad:55:e8:54;2;42336146;3132873469
000000000000000a;1;de:f5:ad:55:e8:54;2;42336146;3132873469
000000000000000a;2;0e:9b:90:6e:a3:53;1;725;70789
000000000000001a;1;de:f5:ad:55:e8:54;2;42336146;3132873469
000000000000001a;2;0e:9b:90:6e:a3:53;1;725;70789
000000000000001a;1;de:f5:ad:55:e8:54;2;42985793;3180947315
000000000000001a;2;0e:9b:90:6e:a3:53;1;736;71851
3;2;0e:9b:90:6e:a3:53;5;736;71851
3;5;de:f5:ad:55:e8:54;2;42985793;3180947315
000000000000001b;1;de:f5:ad:55:e8:54;3;42985793;3180947315
000000000000001b;3;0e:9b:90:6e:a3:53;1;736;71851
6;1;de:f5:ad:55:e8:54;4;42985793;3180947315
6;4;0e:9b:90:6e:a3:53;1;736;71851
000000000000000a;1;de:f5:ad:55:e8:54;2;42985793;3180947315
000000000000000a;2;0e:9b:90:6e:a3:53;1;736;71851
000000000000000a;1;de:f5:ad:55:e8:54;2;43638538;3229250413
000000000000000a;2;0e:9b:90:6e:a3:53;1;747;72913
000000000000001a;1;de:f5:ad:55:e8:54;2;43638538;3229250413
000000000000001a;2;0e:9b:90:6e:a3:53;1;747;72913
3;2;0e:9b:90:6e:a3:53;5;747;72913
3;5;de:f5:ad:55:e8:54;2;43638538;3229250413
6;1;de:f5:ad:55:e8:54;4;43638538;3229250413
6;4;0e:9b:90:6e:a3:53;1;747;72913
000000000000001b;1;de:f5:ad:55:e8:54;3;43638538;3229250413
000000000000001b;3;0e:9b:90:6e:a3:53;1;747;72913
6;1;de:f5:ad:55:e8:54;4;44262937;3275455939
6;4;0e:9b:90:6e:a3:53;1;757;73933
000000000000000a;1;de:f5:ad:55:e8:54;2;44262937;3275455939
000000000000000a;2;0e:9b:90:6e:a3:53;1;757;73933
000000000000001a;1;de:f5:ad:55:e8:54;2;44262937;3275455939
000000000000001a;2;0e:9b:90:6e:a3:53;1;757;73933
000000000000001b;1;de:f5:ad:55:e8:54;3;44262937;3275455939
000000000000001b;3;0e:9b:90:6e:a3:53;1;757;73933
3;2;0e:9b:90:6e:a3:53;5;757;73933
3;5;de:f5:ad:55:e8:54;2;44262937;3275455939
000000000000001a;1;de:f5:ad:55:e8:54;2;44868534;3320270117
000000000000001a;2;0e:9b:90:6e:a3:53;1;767;74953
000000000000001b;1;de:f5:ad:55:e8:54;3;44868534;3320270117
000000000000001b;3;0e:9b:90:6e:a3:53;1;767;74953
6;1;de:f5:ad:55:e8:54;4;44868534;3320270117
6;4;0e:9b:90:6e:a3:53;1;767;74953
3;2;0e:9b:90:6e:a3:53;5;767;74953
3;5;de:f5:ad:55:e8:54;2;44868534;3320270117
000000000000000a;1;de:f5:ad:55:e8:54;2;44868534;3320270117
000000000000000a;2;0e:9b:90:6e:a3:53;1;767;74953
6;1;de:f5:ad:55:e8:54;4;45517036;3368259233
6;4;0e:9b:90:6e:a3:53;1;778;76015
000000000000001a;1;de:f5:ad:55:e8:54;2;45517036;3368259233
000000000000001a;2;0e:9b:90:6e:a3:53;1;778;76015
3;2;0e:9b:90:6e:a3:53;5;778;76015
3;5;de:f5:ad:55:e8:54;2;45517036;3368259233
000000000000001b;1;de:f5:ad:55:e8:54;3;45517036;3368259233
000000000000001b;3;0e:9b:90:6e:a3:53;1;778;76015
000000000000000a;1;de:f5:ad:55:e8:54;2;45517036;3368259233
000000000000000a;2;0e:9b:90:6e:a3:53;1;778;76015
3;2;0e:9b:90:6e:a3:53;5;789;77077
3;5;de:f5:ad:55:e8:54;2;46165563;3416250199
000000000000001a;1;de:f5:ad:55:e8:54;2;46165563;3416250199
000000000000001a;2;0e:9b:90:6e:a3:53;1;789;77077
6;1;de:f5:ad:55:e8:54;4;46165563;3416250199
6;4;0e:9b:90:6e:a3:53;1;789;77077
000000000000000a;1;de:f5:ad:55:e8:54;2;46165563;3416250199
000000000000000a;2;0e:9b:90:6e:a3:53;1;789;77077
000000000000001b;1;de:f5:ad:55:e8:54;3;46165563;3416250199
000000000000001b;3;0e:9b:90:6e:a3:53;1;789;77077
3;2;0e:9b:90:6e:a3:53;5;799;78097
3;5;de:f5:ad:55:e8:54;2;46798012;3463051425
6;1;de:f5:ad:55:e8:54;4;46798012;3463051425
6;4;0e:9b:90:6e:a3:53;1;799;78097
000000000000001b;1;de:f5:ad:55:e8:54;3;46798012;3463051425
000000000000001b;3;0e:9b:90:6e:a3:53;1;799;78097
000000000000001a;1;de:f5:ad:55:e8:54;2;46798012;3463051425
000000000000001a;2;0e:9b:90:6e:a3:53;1;799;78097
000000000000000a;1;de:f5:ad:55:e8:54;2;46798012;3463051425
000000000000000a;2;0e:9b:90:6e:a3:53;1;799;78097
000000000000001a;1;de:f5:ad:55:e8:54;2;47449825;3511285587
000000000000001a;2;0e:9b:90:6e:a3:53;1;809;79117
3;2;0e:9b:90:6e:a3:53;5;809;79117
3;5;de:f5:ad:55:e8:54;2;47449825;3511285587
000000000000000a;1;de:f5:ad:55:e8:54;2;47449825;3511285587
000000000000000a;2;0e:9b:90:6e:a3:53;1;809;79117
000000000000001b;1;de:f5:ad:55:e8:54;3;47449825;3511285587
000000000000001b;3;0e:9b:90:6e:a3:53;1;809;79117
6;1;de:f5:ad:55:e8:54;4;47449825;3511285587
6;4;0e:9b:90:6e:a3:53;1;809;79117
6;1;de:f5:ad:55:e8:54;4;48085394;3558317661
6;4;0e:9b:90:6e:a3:53;1;820;80179
000000000000000a;1;de:f5:ad:55:e8:54;2;48085394;3558317661
000000000000000a;2;0e:9b:90:6e:a3:53;1;820;80179
000000000000001b;1;de:f5:ad:55:e8:54;3;48085394;3558317661
000000000000001b;3;0e:9b:90:6e:a3:53;1;820;80179
000000000000001a;1;de:f5:ad:55:e8:54;2;48085394;3558317661
000000000000001a;2;0e:9b:90:6e:a3:53;1;820;80179
3;2;0e:9b:90:6e:a3:53;5;820;80179
3;5;de:f5:ad:55:e8:54;2;48085394;3558317661
000000000000001a;1;de:f5:ad:55:e8:54;2;48721030;3605354693
000000000000001a;2;0e:9b:90:6e:a3:53;1;831;81241
000000000000000a;1;de:f5:ad:55:e8:54;2;48721030;3605354693
000000000000000a;2;0e:9b:90:6e:a3:53;1;831;81241
3;2;0e:9b:90:6e:a3:53;5;831;81241
3;5;de:f5:ad:55:e8:54;2;48721030;3605354693
000000000000001b;1;de:f5:ad:55:e8:54;3;48721030;3605354693
000000000000001b;3;0e:9b:90:6e:a3:53;1;831;81241
6;1;de:f5:ad:55:e8:54;4;48721030;3605354693
6;4;0e:9b:90:6e:a3:53;1;831;81241
000000000000001a;1;de:f5:ad:55:e8:54;2;49349545;3651864803
000000000000001a;2;0e:9b:90:6e:a3:53;1;841;82261
000000000000001b;1;de:f5:ad:55:e8:54;3;49349545;3651864803
000000000000001b;3;0e:9b:90:6e:a3:53;1;841;82261
000000000000000a;1;de:f5:ad:55:e8:54;2;49349545;3651864803
000000000000000a;2;0e:9b:90:6e:a3:53;1;841;82261
6;1;de:f5:ad:55:e8:54;4;49349545;3651864803
6;4;0e:9b:90:6e:a3:53;1;841;82261
3;2;0e:9b:90:6e:a3:53;5;841;82261
3;5;de:f5:ad:55:e8:54;2;49349545;3651864803
000000000000000a;1;de:f5:ad:55:e8:54;2;50003508;3700258065
000000000000000a;2;0e:9b:90:6e:a3:53;1;851;83281
3;2;0e:9b:90:6e:a3:53;5;851;83281
3;5;de:f5:ad:55:e8:54;2;50003508;3700258065
6;1;de:f5:ad:55:e8:54;4;50003508;3700258065
6;4;0e:9b:90:6e:a3:53;1;851;83281
000000000000001a;1;de:f5:ad:55:e8:54;2;50003508;3700258065
000000000000001a;2;0e:9b:90:6e:a3:53;1;851;83281
000000000000001b;1;de:f5:ad:55:e8:54;3;50003508;3700258065
000000000000001b;3;0e:9b:90:6e:a3:53;1;851;83281
000000000000000a;1;de:f5:ad:55:e8:54;2;50650695;3748149871
000000000000000a;2;0e:9b:90:6e:a3:53;1;862;84343
000000000000001a;1;de:f5:ad:55:e8:54;2;50650695;3748149871
000000000000001a;2;0e:9b:90:6e:a3:53;1;862;84343
000000000000001b;1;de:f5:ad:55:e8:54;3;50650695;3748149871
000000000000001b;3;0e:9b:90:6e:a3:53;1;862;84343
6;1;de:f5:ad:55:e8:54;4;50650695;3748149871
6;4;0e:9b:90:6e:a3:53;1;862;84343
3;2;0e:9b:90:6e:a3:53;5;862;84343
3;5;de:f5:ad:55:e8:54;2;50650695;3748149871
000000000000001b;1;de:f5:ad:55:e8:54;3;51302173;3796359243
000000000000001b;3;0e:9b:90:6e:a3:53;1;872;85363
6;1;de:f5:ad:55:e8:54;4;51302173;3796359243
6;4;0e:9b:90:6e:a3:53;1;872;85363
000000000000001a;1;de:f5:ad:55:e8:54;2;51302173;3796359243
000000000000001a;2;0e:9b:90:6e:a3:53;1;872;85363
000000000000000a;1;de:f5:ad:55:e8:54;2;51302173;3796359243
000000000000000a;2;0e:9b:90:6e:a3:53;1;872;85363
3;2;0e:9b:90:6e:a3:53;5;872;85363
3;5;de:f5:ad:55:e8:54;2;51302173;3796359243
000000000000001b;1;de:f5:ad:55:e8:54;3;51922070;3842231589
000000000000001b;3;0e:9b:90:6e:a3:53;1;883;86425
000000000000000a;1;de:f5:ad:55:e8:54;2;51922070;3842231589
000000000000000a;2;0e:9b:90:6e:a3:53;1;883;86425
000000000000001a;1;de:f5:ad:55:e8:54;2;51922070;3842231589
000000000000001a;2;0e:9b:90:6e:a3:53;1;883;86425
3;2;0e:9b:90:6e:a3:53;5;883;86425
3;5;de:f5:ad:55:e8:54;2;51922070;3842231589
6;1;de:f5:ad:55:e8:54;4;51922070;3842231589
6;4;0e:9b:90:6e:a3:53;1;883;86425
6;1;de:f5:ad:55:e8:54;4;52566694;3889933765
6;4;0e:9b:90:6e:a3:53;1;893;87445
000000000000001a;1;de:f5:ad:55:e8:54;2;52566694;3889933765
000000000000001a;2;0e:9b:90:6e:a3:53;1;893;87445
3;2;0e:9b:90:6e:a3:53;5;893;87445
3;5;de:f5:ad:55:e8:54;2;52566694;3889933765
000000000000001b;1;de:f5:ad:55:e8:54;3;52566694;3889933765
000000000000001b;3;0e:9b:90:6e:a3:53;1;893;87445
000000000000000a;1;de:f5:ad:55:e8:54;2;52566694;3889933765
000000000000000a;2;0e:9b:90:6e:a3:53;1;893;87445
000000000000001b;1;de:f5:ad:55:e8:54;3;53216088;3937988889
000000000000001b;3;0e:9b:90:6e:a3:53;1;904;88507
000000000000000a;1;de:f5:ad:55:e8:54;2;53216088;3937988889
000000000000000a;2;0e:9b:90:6e:a3:53;1;904;88507
3;2;0e:9b:90:6e:a3:53;5;904;88507
3;5;de:f5:ad:55:e8:54;2;53216088;3937988889
000000000000001a;1;de:f5:ad:55:e8:54;2;53216088;3937988889
000000000000001a;2;0e:9b:90:6e:a3:53;1;904;88507
6;1;de:f5:ad:55:e8:54;4;53216088;3937988889
6;4;0e:9b:90:6e:a3:53;1;904;88507
6;1;de:f5:ad:55:e8:54;4;53726936;3975791641
6;4;0e:9b:90:6e:a3:53;1;914;89527
000000000000001b;1;de:f5:ad:55:e8:54;3;53726936;3975791641
000000000000001b;3;0e:9b:90:6e:a3:53;1;914;89527
3;2;0e:9b:90:6e:a3:53;5;914;89527
3;5;de:f5:ad:55:e8:54;2;53726936;3975791641
000000000000000a;1;de:f5:ad:55:e8:54;2;53726936;3975791641
000000000000000a;2;0e:9b:90:6e:a3:53;1;914;89527
000000000000001a;1;de:f5:ad:55:e8:54;2;53726936;3975791641
000000000000001a;2;0e:9b:90:6e:a3:53;1;914;89527
3;2;0e:9b:90:6e:a3:53;5;926;90691
3;5;de:f5:ad:55:e8:54;2;54114505;4004471715
6;1;de:f5:ad:55:e8:54;4;54114505;4004471715
6;4;0e:9b:90:6e:a3:53;1;926;90691
000000000000001b;1;de:f5:ad:55:e8:54;3;54114505;4004471715
000000000000001b;3;0e:9b:90:6e:a3:53;1;926;90691
000000000000001a;1;de:f5:ad:55:e8:54;2;54114505;4004471715
000000000000001a;2;0e:9b:90:6e:a3:53;1;926;90691
000000000000000a;1;de:f5:ad:55:e8:54;2;54114505;4004471715
000000000000000a;2;0e:9b:90:6e:a3:53;1;926;90691
6;1;de:f5:ad:55:e8:54;4;54768519;4052868719
6;4;0e:9b:90:6e:a3:53;1;937;91753
000000000000000a;1;de:f5:ad:55:e8:54;2;54768519;4052868719
000000000000000a;2;0e:9b:90:6e:a3:53;1;937;91753
000000000000001a;1;de:f5:ad:55:e8:54;2;54768519;4052868719
000000000000001a;2;0e:9b:90:6e:a3:53;1;937;91753
000000000000001b;1;de:f5:ad:55:e8:54;3;54768519;4052868719
000000000000001b;3;0e:9b:90:6e:a3:53;1;937;91753
3;2;0e:9b:90:6e:a3:53;5;937;91753
3;5;de:f5:ad:55:e8:54;2;54768519;4052868719
000000000000000a;1;de:f5:ad:55:e8:54;2;55415764;4100764849
000000000000000a;2;0e:9b:90:6e:a3:53;1;947;92773
000000000000001a;1;de:f5:ad:55:e8:54;2;55415764;4100764849
000000000000001a;2;0e:9b:90:6e:a3:53;1;947;92773
3;2;0e:9b:90:6e:a3:53;5;947;92773
3;5;de:f5:ad:55:e8:54;2;55415764;4100764849
000000000000001b;1;de:f5:ad:55:e8:54;3;55415764;4100764849
000000000000001b;3;0e:9b:90:6e:a3:53;1;947;92773
6;1;de:f5:ad:55:e8:54;4;55415764;4100764849
6;4;0e:9b:90:6e:a3:53;1;947;92773
000000000000001b;1;de:f5:ad:55:e8:54;3;56037747;4146791591
000000000000001b;3;0e:9b:90:6e:a3:53;1;957;93793
6;1;de:f5:ad:55:e8:54;4;56037747;4146791591
6;4;0e:9b:90:6e:a3:53;1;957;93793
000000000000000a;1;de:f5:ad:55:e8:54;2;56037747;4146791591
000000000000000a;2;0e:9b:90:6e:a3:53;1;957;93793
3;2;0e:9b:90:6e:a3:53;5;957;93793
3;5;de:f5:ad:55:e8:54;2;56037747;4146791591
000000000000001a;1;de:f5:ad:55:e8:54;2;56037747;4146791591
000000000000001a;2;0e:9b:90:6e:a3:53;1;957;93793
3;2;0e:9b:90:6e:a3:53;5;966;94711
3;5;de:f5:ad:55:e8:54;2;56652990;4192319573
000000000000001a;1;de:f5:ad:55:e8:54;2;56684349;4194640139
000000000000001a;2;0e:9b:90:6e:a3:53;1;967;94813
6;1;de:f5:ad:55:e8:54;4;56684349;4194640139
6;4;0e:9b:90:6e:a3:53;1;967;94813
000000000000000a;1;de:f5:ad:55:e8:54;2;56684349;4194640139
000000000000000a;2;0e:9b:90:6e:a3:53;1;967;94813
000000000000001b;1;de:f5:ad:55:e8:54;3;56684349;4194640139
000000000000001b;3;0e:9b:90:6e:a3:53;1;967;94813
6;1;de:f5:ad:55:e8:54;4;57244986;4236127213
6;4;0e:9b:90:6e:a3:53;1;977;95713
000000000000001a;1;de:f5:ad:55:e8:54;2;57244986;4236127213
000000000000001a;2;0e:9b:90:6e:a3:53;1;977;95713
000000000000001b;1;de:f5:ad:55:e8:54;3;57244986;4236127213
000000000000001b;3;0e:9b:90:6e:a3:53;1;977;95713
000000000000000a;1;de:f5:ad:55:e8:54;2;57244986;4236127213
000000000000000a;2;0e:9b:90:6e:a3:53;1;977;95713
3;2;0e:9b:90:6e:a3:53;5;977;95713
3;5;de:f5:ad:55:e8:54;2;57244986;4236127213
6;1;de:f5:ad:55:e8:54;4;57244986;4236127213
6;4;0e:9b:90:6e:a3:53;1;977;95713
000000000000001b;1;de:f5:ad:55:e8:54;3;57244986;4236127213
000000000000001b;3;0e:9b:90:6e:a3:53;1;977;95713
000000000000001a;1;de:f5:ad:55:e8:54;2;57244986;4236127213
000000000000001a;2;0e:9b:90:6e:a3:53;1;977;95713
000000000000000a;1;de:f5:ad:55:e8:54;2;57244986;4236127213
000000000000000a;2;0e:9b:90:6e:a3:53;1;977;95713
3;2;0e:9b:90:6e:a3:53;5;977;95713
3;5;de:f5:ad:55:e8:54;2;57244986;4236127213
6;1;de:f5:ad:55:e8:54;4;57244986;4236127213
6;4;0e:9b:90:6e:a3:53;1;977;95713
000000000000001b;1;de:f5:ad:55:e8:54;3;57244986;4236127213
000000000000001b;3;0e:9b:90:6e:a3:53;1;977;95713
000000000000001a;1;de:f5:ad:55:e8:54;2;57244986;4236127213
000000000000001a;2;0e:9b:90:6e:a3:53;1;977;95713
3;2;0e:9b:90:6e:a3:53;5;977;95713
3;5;de:f5:ad:55:e8:54;2;57244986;4236127213
000000000000000a;1;de:f5:ad:55:e8:54;2;57244986;4236127213
000000000000000a;2;0e:9b:90:6e:a3:53;1;977;95713
000000000000001b;1;de:f5:ad:55:e8:54;3;57244986;4236127213
000000000000001b;3;0e:9b:90:6e:a3:53;1;977;95713
000000000000000a;1;de:f5:ad:55:e8:54;2;57244986;4236127213
000000000000000a;2;0e:9b:90:6e:a3:53;1;977;95713
6;1;de:f5:ad:55:e8:54;4;57244986;4236127213
6;4;0e:9b:90:6e:a3:53;1;977;95713
3;2;0e:9b:90:6e:a3:53;5;977;95713
3;5;de:f5:ad:55:e8:54;2;57244986;4236127213
000000000000001a;1;de:f5:ad:55:e8:54;2;57244986;4236127213
000000000000001a;2;0e:9b:90:6e:a3:53;1;977;95713
6;1;de:f5:ad:55:e8:54;4;57244986;4236127213
6;4;0e:9b:90:6e:a3:53;1;977;95713
000000000000001a;1;de:f5:ad:55:e8:54;2;57244986;4236127213
000000000000001a;2;0e:9b:90:6e:a3:53;1;977;95713
3;2;0e:9b:90:6e:a3:53;5;977;95713
3;5;de:f5:ad:55:e8:54;2;57244986;4236127213
000000000000001b;1;de:f5:ad:55:e8:54;3;57244986;4236127213
000000000000001b;3;0e:9b:90:6e:a3:53;1;977;95713
000000000000000a;1;de:f5:ad:55:e8:54;2;57244986;4236127213
000000000000000a;2;0e:9b:90:6e:a3:53;1;977;95713
3;2;0e:9b:90:6e:a3:53;5;977;95713
3;5;de:f5:ad:55:e8:54;2;57244986;4236127213
000000000000001a;1;de:f5:ad:55:e8:54;2;57244986;4236127213
000000000000001a;2;0e:9b:90:6e:a3:53;1;977;95713
000000000000001b;1;de:f5:ad:55:e8:54;3;57244986;4236127213
000000000000001b;3;0e:9b:90:6e:a3:53;1;977;95713
000000000000000a;1;de:f5:ad:55:e8:54;2;57244986;4236127213
000000000000000a;2;0e:9b:90:6e:a3:53;1;977;95713
6;1;de:f5:ad:55:e8:54;4;57244986;4236127213
6;4;0e:9b:90:6e:a3:53;1;977;95713
