sep=,
datapath,in-port,eth-dst,out-port,packets,bytes,duration-sec,duration-nsec,flags
000000000000000a,       1,1a:e6:06:d3:9e:cd,       2,       2,     133,0,362000000,0x0000
000000000000000a,       2,a6:5f:80:5a:fc:99,       1,       1,      74,0,463000000,0x0000
0000000000000003,       2,a6:5f:80:5a:fc:99,       5,       1,      66,0,250000000,0x0000
0000000000000003,       5,1a:e6:06:d3:9e:cd,       2,       1,      66,0,392000000,0x0000
0000000000000006,       1,1a:e6:06:d3:9e:cd,       4,       3,     199,0,202000000,0x0000
0000000000000006,       4,a6:5f:80:5a:fc:99,       1,       1,      66,0,274000000,0x0000
000000000000001a,       1,1a:e6:06:d3:9e:cd,       2,       3,     437,0,132000000,0x0000
000000000000001a,       2,a6:5f:80:5a:fc:99,       1,       2,     134,0,156000000,0x0000
000000000000001c,       1,a6:5f:80:5a:fc:99,       1,       0,       0,0,492000000,0x0000
000000000000001b,       1,1a:e6:06:d3:9e:cd,       3,       1,      66,0,312000000,0x0000
000000000000001b,       3,a6:5f:80:5a:fc:99,       1,       1,      66,0,301000000,0x0000
000000000000001c,       1,1a:e6:06:d3:9e:cd,       1,      64,   34688,0,51000000,0x0000
000000000000001c,       1,a6:5f:80:5a:fc:99,       1,       0,       0,10,527000000,0x0000
000000000000001c,       1,1a:e6:06:d3:9e:cd,       1,     100,   65480,7,82000000,0x0000
000000000000001c,       1,a6:5f:80:5a:fc:99,       1,       0,       0,20,839000000,0x0000
000000000000001c,       1,1a:e6:06:d3:9e:cd,       1,     133,   86090,17,132000000,0x0000
000000000000001c,       1,a6:5f:80:5a:fc:99,       1,       0,       0,30,889000000,0x0000
000000000000001c,       1,1a:e6:06:d3:9e:cd,       1,     207,  126198,27,134000000,0x0000
000000000000001c,       1,a6:5f:80:5a:fc:99,       1,       0,       0,40,891000000,0x0000
000000000000001c,       1,1a:e6:06:d3:9e:cd,       1,     303,  192234,37,222000000,0x0000
000000000000001c,       1,a6:5f:80:5a:fc:99,       1,       0,       0,50,979000000,0x0000
000000000000001c,       1,1a:e6:06:d3:9e:cd,       1,     303,  192234,47,311000000,0x0000
000000000000001c,       1,a6:5f:80:5a:fc:99,       1,       0,       0,61,68000000,0x0000
000000000000001c,       1,1a:e6:06:d3:9e:cd,       1,     303,  192234,57,376000000,0x0000
000000000000001c,       1,a6:5f:80:5a:fc:99,       1,       0,       0,71,133000000,0x0000
000000000000001a,       1,1a:e6:06:d3:9e:cd,       2,      48,    3552,0,1000000,0x0000
0000000000000008,       1,1a:e6:06:d3:9e:cd,       1,     143,   10582,0,0,0x0000
0000000000000007,       2,1a:e6:06:d3:9e:cd,       2,     143,   10582,0,0,0x0000
000000000000001b,       3,4a:f2:58:d3:b3:07,       1,       0,       0,7,584000000,0x0000
0000000000000008,       1,1a:e6:06:d3:9e:cd,       1,     452,   33448,7,701000000,0x0000
0000000000000007,       2,1a:e6:06:d3:9e:cd,       2,     452,   33448,7,700000000,0x0000
000000000000001a,       1,1a:e6:06:d3:9e:cd,       2,      74,    5476,0,1000000,0x0000
000000000000001a,       2,4a:f2:58:d3:b3:07,       1,       1,     102,0,156000000,0x0000
0000000000000007,       2,1a:e6:06:d3:9e:cd,       2,     798,   59052,17,833000000,0x0000
0000000000000008,       1,1a:e6:06:d3:9e:cd,       1,     792,   58608,17,833000000,0x0000
000000000000001c,       1,1a:e6:06:d3:9e:cd,       1,      91,    6734,4,303000000,0x0000
000000000000001a,       1,1a:e6:06:d3:9e:cd,       2,      38,    2812,0,1000000,0x0000
000000000000001c,       1,1a:e6:06:d3:9e:cd,       1,       4,     296,5,298000000,0x0000
000000000000001a,       1,1a:e6:06:d3:9e:cd,       2,       6,     444,0,433000000,0x0000
000000000000001c,       1,1a:e6:06:d3:9e:cd,       1,      46,    3404,15,320000000,0x0000
000000000000001b,       1,1a:e6:06:d3:9e:cd,       3,     121,    8954,0,141000000,0x0000
000000000000001b,       1,1a:e6:06:d3:9e:cd,       3,     703,   52022,4,971000000,0x0000
000000000000001a,       1,1a:e6:06:d3:9e:cd,       2,     509,   37666,3,818000000,0x0000
000000000000001c,       1,1a:e6:06:d3:9e:cd,       1,     110,    8140,25,303000000,0x0000
000000000000001a,       1,1a:e6:06:d3:9e:cd,       2,    1505,  111370,13,918000000,0x0000
000000000000001b,       1,1a:e6:06:d3:9e:cd,       3,    1699,  125726,15,71000000,0x0000
000000000000001c,       1,1a:e6:06:d3:9e:cd,       1,     110,    8140,35,403000000,0x0000
000000000000001b,       1,1a:e6:06:d3:9e:cd,       3,    2287,  169238,25,360000000,0x0000
000000000000001b,       2,1a:e6:06:d3:9e:cd,       3,     215,   15910,1,635000000,0x0000
0000000000000019,       2,1a:e6:06:d3:9e:cd,       1,     185,   13690,3,558000000,0x0000
000000000000001a,       1,1a:e6:06:d3:9e:cd,       2,    2093,  154882,24,207000000,0x0000
000000000000001c,       1,1a:e6:06:d3:9e:cd,       1,     110,    8140,45,727000000,0x0000
000000000000001c,       2,1a:e6:06:d3:9e:cd,       1,     282,   20868,0,1000000,0x0000
0000000000000017,       1,1a:e6:06:d3:9e:cd,       2,     158,   11692,0,203000000,0x0000
000000000000001c,       2,1a:e6:06:d3:9e:cd,       1,     206,   15244,2,849000000,0x0000
0000000000000019,       2,1a:e6:06:d3:9e:cd,       1,     234,   17316,7,365000000,0x0000
000000000000001d,       2,1a:e6:06:d3:9e:cd,       1,     103,    7622,0,61000000,0x0000
000000000000001d,       2,1a:e6:06:d3:9e:cd,       1,      22,    1628,0,0,0x0000
000000000000001c,       1,1a:e6:06:d3:9e:cd,       1,      23,    1702,4,828000000,0x0000
000000000000001c,       2,1a:e6:06:d3:9e:cd,       1,     421,   31154,12,880000000,0x0000
0000000000000019,       2,1a:e6:06:d3:9e:cd,       1,       0,       0,0,77000000,0x0000
0000000000000018,       2,1a:e6:06:d3:9e:cd,       1,      11,     814,0,2000000,0x0000
000000000000001b,       1,1a:e6:06:d3:9e:cd,       3,     120,    8880,0,673000000,0x0000
000000000000001b,       2,1a:e6:06:d3:9e:cd,       3,     118,    8732,0,68000000,0x0000
000000000000001c,       1,1a:e6:06:d3:9e:cd,       1,      18,    1332,1,202000000,0x0000
000000000000001a,       1,1a:e6:06:d3:9e:cd,       2,      13,     962,0,125000000,0x0000
000000000000001b,       1,1a:e6:06:d3:9e:cd,       3,       8,     592,0,346000000,0x0000
000000000000001c,       1,1a:e6:06:d3:9e:cd,       1,      17,    1258,1,525000000,0x0000
000000000000001c,       1,1a:e6:06:d3:9e:cd,       1,       4,     296,7,170000000,0x0000
000000000000001b,       1,1a:e6:06:d3:9e:cd,       3,      22,    1628,0,69000000,0x0000
000000000000001a,       1,1a:e6:06:d3:9e:cd,       2,      10,     740,0,446000000,0x0000
000000000000001c,       1,1a:e6:06:d3:9e:cd,       1,      20,    1480,17,511000000,0x0000
000000000000001a,       1,1a:e6:06:d3:9e:cd,       2,      10,     740,0,322000000,0x0000
000000000000001c,       1,1a:e6:06:d3:9e:cd,       1,      26,    1924,27,711000000,0x0000
000000000000001b,       1,1a:e6:06:d3:9e:cd,       3,      42,    3108,4,816000000,0x0000
000000000000001a,       1,1a:e6:06:d3:9e:cd,       2,      26,    1924,3,937000000,0x0000
000000000000001c,       1,1a:e6:06:d3:9e:cd,       1,      32,    2368,37,476000000,0x0000
0000000000000003,       2,4a:f2:58:d3:b3:07,       6,       0,       0,7,512000000,0x0000
0000000000000003,       6,1a:e6:06:d3:9e:cd,       2,  141217,10450058,0,0,0x0000
0000000000000003,       2,4a:f2:58:d3:b3:07,       6,       0,       0,17,450000000,0x0000
0000000000000003,       6,1a:e6:06:d3:9e:cd,       2,  379664,28095136,0,0,0x0000
000000000000001c,       1,1a:e6:06:d3:9e:cd,       1,      32,    2368,47,781000000,0x0000
000000000000001a,       1,1a:e6:06:d3:9e:cd,       2,     154,   11396,14,238000000,0x0000
000000000000001b,       1,1a:e6:06:d3:9e:cd,       3,     170,   12580,15,121000000,0x0000
000000000000001c,       1,1a:e6:06:d3:9e:cd,       1,      32,    2368,57,661000000,0x0000
000000000000001b,       1,1a:e6:06:d3:9e:cd,       3,     294,   21756,25,2000000,0x0000
000000000000001a,       1,1a:e6:06:d3:9e:cd,       2,     278,   20572,24,125000000,0x0000
000000000000001c,       1,1a:e6:06:d3:9e:cd,       1,      32,    2368,67,751000000,0x0000
000000000000001b,       1,1a:e6:06:d3:9e:cd,       3,     465,   34410,35,91000000,0x0000
000000000000001a,       1,1a:e6:06:d3:9e:cd,       2,     449,   33226,34,212000000,0x0000
000000000000001c,       1,1a:e6:06:d3:9e:cd,       1,      32,    2368,77,866000000,0x0000
000000000000001a,       1,1a:e6:06:d3:9e:cd,       2,     571,   42254,44,325000000,0x0000
000000000000001b,       1,1a:e6:06:d3:9e:cd,       3,     587,   43438,45,207000000,0x0000
000000000000001c,       1,1a:e6:06:d3:9e:cd,       1,      24,    1776,0,85000000,0x0000
000000000000001a,       1,1a:e6:06:d3:9e:cd,       2,     165,   12210,0,77000000,0x0000
000000000000001d,       1,1a:e6:06:d3:9e:cd,       1,       6,     444,0,186000000,0x0000
000000000000001b,       1,1a:e6:06:d3:9e:cd,       3,      16,    1184,0,186000000,0x0000
000000000000001b,       1,1a:e6:06:d3:9e:cd,       3,     101,    7474,0,0,0x0000
000000000000001a,       1,1a:e6:06:d3:9e:cd,       2,     136,   10064,0,0,0x0000
000000000000001c,       1,1a:e6:06:d3:9e:cd,       1,      17,    1258,1,172000000,0x0000
000000000000001b,       1,1a:e6:06:d3:9e:cd,       3,      26,    1924,0,0,0x0000
000000000000001c,       1,1a:e6:06:d3:9e:cd,       1,      65,    4810,8,38000000,0x0000
000000000000001b,       1,1a:e6:06:d3:9e:cd,       3,      29,    2146,0,49000000,0x0000
000000000000001a,       1,1a:e6:06:d3:9e:cd,       2,      10,     740,0,190000000,0x0000
000000000000001c,       1,1a:e6:06:d3:9e:cd,       1,     105,    7770,18,155000000,0x0000
000000000000001b,       1,1a:e6:06:d3:9e:cd,       3,      46,    3404,0,28000000,0x0000
000000000000001b,       1,1a:e6:06:d3:9e:cd,       3,      12,     888,0,1000000,0x0000
000000000000001c,       1,1a:e6:06:d3:9e:cd,       1,      12,     888,0,0,0x0000
000000000000001b,       1,1a:e6:06:d3:9e:cd,       3,       9,     666,0,0,0x0000
000000000000001d,       1,1a:e6:06:d3:9e:cd,       1,       3,     222,2,892000000,0x0000
000000000000001c,       1,1a:e6:06:d3:9e:cd,       1,      10,     740,0,342000000,0x0000
000000000000001a,       1,1a:e6:06:d3:9e:cd,       2,      16,    1184,0,0,0x0000
000000000000001c,       1,1a:e6:06:d3:9e:cd,       1,      45,    3330,9,666000000,0x0000
000000000000001b,       1,1a:e6:06:d3:9e:cd,       3,       6,     444,0,85000000,0x0000
000000000000001c,       1,1a:e6:06:d3:9e:cd,       1,       9,     666,0,394000000,0x0000
000000000000001b,       1,1a:e6:06:d3:9e:cd,       3,      20,    1480,0,80000000,0x0000
000000000000001c,       1,1a:e6:06:d3:9e:cd,       1,       6,     444,0,0,0x0000
000000000000001b,       1,1a:e6:06:d3:9e:cd,       3,      15,    1110,0,392000000,0x0000
000000000000000a,       1,1a:e6:06:d3:9e:cd,       2,       0,       0,0,138000000,0x0000
000000000000000a,       2,4a:f2:58:d3:b3:07,       1,       0,       0,0,337000000,0x0000
000000000000000a,       1,1a:e6:06:d3:9e:cd,       2,       0,       0,0,432000000,0x0000
000000000000000a,       1,1a:e6:06:d3:9e:cd,       2,       0,       0,0,306000000,0x0000
000000000000000a,       1,1a:e6:06:d3:9e:cd,       2,       0,       0,0,399000000,0x0000
000000000000000a,       1,1a:e6:06:d3:9e:cd,       2,       0,       0,0,57000000,0x0000
000000000000000a,       1,1a:e6:06:d3:9e:cd,       2,       0,       0,0,0,0x0000
000000000000000a,       1,1a:e6:06:d3:9e:cd,       2,       0,       0,0,85000000,0x0000
000000000000001a,       1,1a:e6:06:d3:9e:cd,       2,      15,    1110,0,79000000,0x0000
000000000000001c,       1,1a:e6:06:d3:9e:cd,       1,       3,     222,4,307000000,0x0000
000000000000001b,       1,1a:e6:06:d3:9e:cd,       3,       2,     148,0,252000000,0x0000
000000000000001a,       1,1a:e6:06:d3:9e:cd,       2,      29,    2146,0,2000000,0x0000
000000000000001a,       1,1a:e6:06:d3:9e:cd,       1,       1,      74,0,606000000,0x0000
000000000000000a,       1,1a:e6:06:d3:9e:cd,       2,     128,    9472,0,75000000,0x0000
000000000000000a,       1,1a:e6:06:d3:9e:cd,       2,     250,   18500,0,187000000,0x0000
000000000000001a,       1,1a:e6:06:d3:9e:cd,       1,       0,       0,0,90000000,0x0000
000000000000000a,       1,1a:e6:06:d3:9e:cd,       2,       0,       0,0,97000000,0x0000
000000000000000a,       1,1a:e6:06:d3:9e:cd,       2,       0,       0,0,0,0x0000
000000000000001b,       1,1a:e6:06:d3:9e:cd,       3,       5,     370,0,6000000,0x0000
000000000000000a,       1,1a:e6:06:d3:9e:cd,       2,       0,       0,0,42000000,0x0000
000000000000000a,       1,1a:e6:06:d3:9e:cd,       3,      50,    3700,0,41000000,0x0000
000000000000001c,       1,1a:e6:06:d3:9e:cd,       1,      14,    1036,5,111000000,0x0000
000000000000000a,       1,1a:e6:06:d3:9e:cd,       3,     177,   13098,0,0,0x0000
000000000000000a,       1,1a:e6:06:d3:9e:cd,       2,     280,   20720,0,75000000,0x0000
000000000000001b,       1,1a:e6:06:d3:9e:cd,       3,      22,    1628,4,28000000,0x0000
000000000000001c,       1,1a:e6:06:d3:9e:cd,       1,      21,    1554,15,139000000,0x0000
000000000000000a,       1,1a:e6:06:d3:9e:cd,       3,     339,   25086,0,0,0x0000
000000000000000a,       1,1a:e6:06:d3:9e:cd,       2,     423,   31302,0,344000000,0x0000
000000000000000a,       1,1a:e6:06:d3:9e:cd,       2,     512,   37888,0,116000000,0x0000
000000000000000a,       1,1a:e6:06:d3:9e:cd,       2,     588,   43512,0,0,0x0000
000000000000001a,       1,1a:e6:06:d3:9e:cd,       2,      18,    1332,0,0,0x0000
000000000000000a,       1,1a:e6:06:d3:9e:cd,       3,      18,    1332,0,239000000,0x0000
000000000000001b,       1,1a:e6:06:d3:9e:cd,       3,     125,    9250,14,109000000,0x0000
000000000000001c,       1,1a:e6:06:d3:9e:cd,       1,      21,    1554,25,168000000,0x0000
000000000000000a,       1,1a:e6:06:d3:9e:cd,       3,      31,    2294,0,73000000,0x0000
000000000000001a,       1,1a:e6:06:d3:9e:cd,       2,      88,    6512,0,0,0x0000
000000000000001b,       1,1a:e6:06:d3:9e:cd,       3,     243,   17982,24,276000000,0x0000
000000000000001c,       1,1a:e6:06:d3:9e:cd,       1,      21,    1554,35,305000000,0x0000
000000000000000a,       1,1a:e6:06:d3:9e:cd,       2,      25,    1850,0,5000000,0x0000
000000000000001a,       1,1a:e6:06:d3:9e:cd,       2,      13,     962,0,29000000,0x0000
000000000000001c,       1,1a:e6:06:d3:9e:cd,       1,      21,    1554,45,386000000,0x0000
000000000000001b,       1,1a:e6:06:d3:9e:cd,       3,     308,   22792,34,356000000,0x0000
000000000000001a,       1,1a:e6:06:d3:9e:cd,       2,      57,    4218,0,206000000,0x0000
000000000000001c,       1,1a:e6:06:d3:9e:cd,       1,      21,    1554,55,546000000,0x0000
000000000000001a,       1,1a:e6:06:d3:9e:cd,       2,     156,   11544,2,153000000,0x0000
000000000000001b,       1,1a:e6:06:d3:9e:cd,       3,     474,   35076,44,593000000,0x0000
000000000000001b,       1,1a:e6:06:d3:9e:cd,       3,     583,   43142,54,804000000,0x0000
000000000000001a,       1,1a:e6:06:d3:9e:cd,       2,     265,   19610,12,365000000,0x0000
000000000000001c,       1,1a:e6:06:d3:9e:cd,       1,      21,    1554,65,833000000,0x0000
000000000000001b,       1,1a:e6:06:d3:9e:cd,       3,     808,   59792,64,921000000,0x0000
000000000000001a,       1,1a:e6:06:d3:9e:cd,       2,     490,   36260,22,469000000,0x0000
000000000000001c,       1,1a:e6:06:d3:9e:cd,       1,      21,    1554,75,950000000,0x0000
000000000000001c,       1,1a:e6:06:d3:9e:cd,       1,      21,    1554,85,917000000,0x0000
000000000000001b,       1,1a:e6:06:d3:9e:cd,       3,     966,   71484,74,887000000,0x0000
000000000000001a,       1,1a:e6:06:d3:9e:cd,       2,     648,   47952,32,446000000,0x0000
000000000000001b,       1,1a:e6:06:d3:9e:cd,       3,    1151,   85174,85,125000000,0x0000
000000000000001c,       1,1a:e6:06:d3:9e:cd,       1,      21,    1554,96,154000000,0x0000
000000000000001a,       1,1a:e6:06:d3:9e:cd,       2,     833,   61642,42,690000000,0x0000
000000000000001c,       1,1a:e6:06:d3:9e:cd,       1,      21,    1554,106,461000000,0x0000
000000000000001b,       1,1a:e6:06:d3:9e:cd,       3,    1322,   97828,95,435000000,0x0000
000000000000001a,       1,1a:e6:06:d3:9e:cd,       2,    1004,   74296,52,994000000,0x0000
000000000000001b,       1,1a:e6:06:d3:9e:cd,       3,    1462,  108188,105,359000000,0x0000
000000000000001a,       1,1a:e6:06:d3:9e:cd,       2,    1144,   84656,62,918000000,0x0000
000000000000001c,       1,1a:e6:06:d3:9e:cd,       1,      21,    1554,116,389000000,0x0000
000000000000000a,       1,1a:e6:06:d3:9e:cd,       2,       0,       0,0,0,0x0000
000000000000001b,       1,1a:e6:06:d3:9e:cd,       3,    1621,  119954,115,444000000,0x0000
000000000000001c,       1,1a:e6:06:d3:9e:cd,       1,      21,    1554,126,473000000,0x0000
000000000000001a,       1,1a:e6:06:d3:9e:cd,       2,    1303,   96422,73,4000000,0x0000
000000000000001c,       1,1a:e6:06:d3:9e:cd,       1,      21,    1554,136,593000000,0x0000
000000000000001b,       1,1a:e6:06:d3:9e:cd,       3,    1845,  136530,125,563000000,0x0000
000000000000001a,       1,1a:e6:06:d3:9e:cd,       2,    1527,  112998,83,119000000,0x0000
000000000000000a,       1,1a:e6:06:d3:9e:cd,       2,       0,       0,0,0,0x0000
000000000000001b,       1,1a:e6:06:d3:9e:cd,       3,    2050,  151700,135,598000000,0x0000
000000000000001c,       1,1a:e6:06:d3:9e:cd,       1,      21,    1554,146,628000000,0x0000
000000000000001a,       1,1a:e6:06:d3:9e:cd,       2,    1732,  128168,93,157000000,0x0000
000000000000000a,       1,1a:e6:06:d3:9e:cd,       2,      13,     962,0,80000000,0x0000
000000000000001b,       1,1a:e6:06:d3:9e:cd,       3,    2251,  166574,145,759000000,0x0000
000000000000001c,       1,1a:e6:06:d3:9e:cd,       1,      21,    1554,156,789000000,0x0000
000000000000001a,       1,1a:e6:06:d3:9e:cd,       2,    1933,  143042,103,320000000,0x0000
000000000000000a,       1,1a:e6:06:d3:9e:cd,       2,     109,    8066,0,0,0x0000
000000000000000a,       1,1a:e6:06:d3:9e:cd,       2,       6,     444,0,258000000,0x0000
000000000000000a,       1,1a:e6:06:d3:9e:cd,       2,      25,    1850,0,80000000,0x0000
000000000000001b,       1,1a:e6:06:d3:9e:cd,       3,    2455,  181670,155,862000000,0x0000
000000000000001a,       1,1a:e6:06:d3:9e:cd,       2,    2137,  158138,113,401000000,0x0000
000000000000001c,       1,1a:e6:06:d3:9e:cd,       1,      21,    1554,166,892000000,0x0000
000000000000000a,       1,1a:e6:06:d3:9e:cd,       2,     116,    8584,0,189000000,0x0000
000000000000000a,       1,1a:e6:06:d3:9e:cd,       2,     242,   17908,0,0,0x0000
000000000000000a,       1,1a:e6:06:d3:9e:cd,       2,     359,   26566,0,44000000,0x0000
000000000000000a,       1,1a:e6:06:d3:9e:cd,       2,     470,   34780,0,113000000,0x0000
000000000000000a,       1,1a:e6:06:d3:9e:cd,       2,     595,   44030,0,893000000,0x0000
000000000000000a,       1,1a:e6:06:d3:9e:cd,       2,     771,   57054,10,931000000,0x0000
000000000000001c,       1,1a:e6:06:d3:9e:cd,       1,      21,    1554,176,916000000,0x0000
000000000000001a,       1,1a:e6:06:d3:9e:cd,       2,    2313,  171162,123,448000000,0x0000
000000000000001b,       1,1a:e6:06:d3:9e:cd,       3,    2631,  194694,165,888000000,0x0000
000000000000000a,       1,1a:e6:06:d3:9e:cd,       2,     967,   71558,21,27000000,0x0000
000000000000001b,       1,1a:e6:06:d3:9e:cd,       3,    2827,  209198,176,31000000,0x0000
000000000000001c,       1,1a:e6:06:d3:9e:cd,       1,      21,    1554,187,61000000,0x0000
000000000000001a,       1,1a:e6:06:d3:9e:cd,       2,    2509,  185666,133,591000000,0x0000
000000000000001b,       1,1a:e6:06:d3:9e:cd,       3,    3000,  222000,186,182000000,0x0000
000000000000001c,       1,1a:e6:06:d3:9e:cd,       1,      21,    1554,197,211000000,0x0000
000000000000001a,       1,1a:e6:06:d3:9e:cd,       2,    2682,  198468,143,741000000,0x0000
000000000000000a,       1,1a:e6:06:d3:9e:cd,       2,    1140,   84360,31,220000000,0x0000
000000000000001a,       1,1a:e6:06:d3:9e:cd,       2,    2802,  207348,153,694000000,0x0000
000000000000001b,       1,1a:e6:06:d3:9e:cd,       3,    3120,  230880,196,135000000,0x0000
000000000000001c,       1,1a:e6:06:d3:9e:cd,       1,      21,    1554,207,165000000,0x0000
000000000000000a,       1,1a:e6:06:d3:9e:cd,       2,    1260,   93240,41,178000000,0x0000
000000000000000a,       1,1a:e6:06:d3:9e:cd,       2,    1388,  102712,51,262000000,0x0000
000000000000001b,       1,1a:e6:06:d3:9e:cd,       3,    3248,  240352,206,223000000,0x0000
000000000000001c,       1,1a:e6:06:d3:9e:cd,       1,      21,    1554,217,253000000,0x0000
000000000000001a,       1,1a:e6:06:d3:9e:cd,       2,    2930,  216820,163,784000000,0x0000
000000000000000a,       1,1a:e6:06:d3:9e:cd,       2,    1515,  112110,61,368000000,0x0000
000000000000001a,       1,1a:e6:06:d3:9e:cd,       2,    3057,  226218,173,891000000,0x0000
000000000000001c,       1,1a:e6:06:d3:9e:cd,       1,      21,    1554,227,360000000,0x0000
000000000000001b,       1,1a:e6:06:d3:9e:cd,       3,    3375,  249750,216,331000000,0x0000
000000000000001c,       1,1a:e6:06:d3:9e:cd,       1,      21,    1554,237,431000000,0x0000
000000000000000a,       1,1a:e6:06:d3:9e:cd,       2,    1648,  121952,71,447000000,0x0000
000000000000001a,       1,1a:e6:06:d3:9e:cd,       2,    3190,  236060,183,976000000,0x0000
000000000000001b,       1,1a:e6:06:d3:9e:cd,       3,    3508,  259592,226,403000000,0x0000
000000000000001c,       1,1a:e6:06:d3:9e:cd,       1,      21,    1554,247,400000000,0x0000
000000000000001a,       1,1a:e6:06:d3:9e:cd,       2,    3397,  251378,193,931000000,0x0000
000000000000000a,       1,1a:e6:06:d3:9e:cd,       2,    1855,  137270,81,415000000,0x0000
000000000000001b,       1,1a:e6:06:d3:9e:cd,       3,    3715,  274910,236,371000000,0x0000
000000000000001b,       1,1a:e6:06:d3:9e:cd,       3,    3879,  287046,246,722000000,0x0000
000000000000001a,       1,1a:e6:06:d3:9e:cd,       2,    3561,  263514,204,254000000,0x0000
000000000000000a,       1,1a:e6:06:d3:9e:cd,       2,    2019,  149406,91,753000000,0x0000
000000000000001c,       1,1a:e6:06:d3:9e:cd,       1,      21,    1554,257,750000000,0x0000
000000000000001a,       1,1a:e6:06:d3:9e:cd,       2,    3672,  271728,214,68000000,0x0000
000000000000001b,       1,1a:e6:06:d3:9e:cd,       3,    3990,  295260,256,509000000,0x0000
000000000000001c,       1,1a:e6:06:d3:9e:cd,       1,      21,    1554,267,551000000,0x0000
000000000000000a,       1,1a:e6:06:d3:9e:cd,       2,    2130,  157620,101,552000000,0x0000
000000000000001a,       1,1a:e6:06:d3:9e:cd,       2,    3751,  277574,224,232000000,0x0000
000000000000001c,       1,1a:e6:06:d3:9e:cd,       1,      21,    1554,277,701000000,0x0000
000000000000001b,       1,1a:e6:06:d3:9e:cd,       3,    4069,  301106,266,672000000,0x0000
000000000000000a,       1,1a:e6:06:d3:9e:cd,       2,    2209,  163466,111,716000000,0x0000
000000000000000a,       1,1a:e6:06:d3:9e:cd,       2,    2290,  169460,121,788000000,0x0000
000000000000001c,       1,1a:e6:06:d3:9e:cd,       1,      21,    1554,287,773000000,0x0000
000000000000001b,       1,1a:e6:06:d3:9e:cd,       3,    4150,  307100,276,744000000,0x0000
000000000000001a,       1,1a:e6:06:d3:9e:cd,       2,    3832,  283568,234,310000000,0x0000
000000000000001c,       1,1a:e6:06:d3:9e:cd,       1,      21,    1554,297,866000000,0x0000
000000000000000a,       1,1a:e6:06:d3:9e:cd,       2,    2403,  177822,131,929000000,0x0000
000000000000001a,       1,1a:e6:06:d3:9e:cd,       2,    3945,  291930,244,445000000,0x0000
000000000000001b,       1,1a:e6:06:d3:9e:cd,       3,    4263,  315462,286,886000000,0x0000
000000000000000a,       1,1a:e6:06:d3:9e:cd,       2,    2457,  181818,142,647000000,0x0000
000000000000001c,       1,1a:e6:06:d3:9e:cd,       1,      21,    1554,308,654000000,0x0000
000000000000001b,       1,1a:e6:06:d3:9e:cd,       3,    4317,  319458,297,635000000,0x0000
000000000000001a,       1,1a:e6:06:d3:9e:cd,       2,    3999,  295926,255,203000000,0x0000
000000000000001b,       1,1a:e6:06:d3:9e:cd,       3,    4359,  322566,307,704000000,0x0000
000000000000001a,       1,1a:e6:06:d3:9e:cd,       2,    4041,  299034,265,242000000,0x0000
000000000000001c,       1,1a:e6:06:d3:9e:cd,       1,      21,    1554,318,738000000,0x0000
000000000000000a,       1,1a:e6:06:d3:9e:cd,       2,    2499,  184926,152,748000000,0x0000
000000000000000a,       1,1a:e6:06:d3:9e:cd,       2,    2547,  188478,162,804000000,0x0000
000000000000001b,       1,1a:e6:06:d3:9e:cd,       3,    4407,  326118,317,753000000,0x0000
000000000000001c,       1,1a:e6:06:d3:9e:cd,       1,      21,    1554,328,783000000,0x0000
000000000000001a,       1,1a:e6:06:d3:9e:cd,       2,    4089,  302586,275,320000000,0x0000
000000000000001b,       1,1a:e6:06:d3:9e:cd,       3,    4470,  330780,327,725000000,0x0000
000000000000001c,       1,1a:e6:06:d3:9e:cd,       1,      21,    1554,338,755000000,0x0000
000000000000001a,       1,1a:e6:06:d3:9e:cd,       2,    4152,  307248,285,284000000,0x0000
000000000000000a,       1,1a:e6:06:d3:9e:cd,       2,    2610,  193140,172,768000000,0x0000
000000000000001c,       1,1a:e6:06:d3:9e:cd,       1,      21,    1554,349,106000000,0x0000
000000000000001a,       1,1a:e6:06:d3:9e:cd,       2,    4285,  317090,295,618000000,0x0000
000000000000001b,       1,1a:e6:06:d3:9e:cd,       3,    4603,  340622,338,52000000,0x0000
000000000000000a,       1,1a:e6:06:d3:9e:cd,       2,    2743,  202982,183,96000000,0x0000
